CD107a,CD45,CD86,FerritinHC,HLADR,Mac2,MerTK,PLP,S100B,TIM3,Vimentin
-1.055878162,-1.668853521,-0.89039731,-0.807695925,0.855629444,-0.360312521,-0.387594014,0.099393241,4.607008934,-0.162147209,-0.076812387
-0.82567215,-1.917096734,-0.34507975,-0.433847904,0.187298253,-0.175400183,-0.58066684,-0.410359055,3.775915623,-0.047905564,-0.076812387
-0.388898343,-0.356298447,-0.454656333,0.055978633,0.469984025,0.19659394,-0.515147746,-0.403141141,3.151261091,0.699620903,-0.076812387
-0.949894488,-0.824383914,-0.192161024,-0.074117571,-0.165321678,-0.196185112,-0.564786136,-0.813446343,3.183254957,0.451713324,-0.076812387
-1.157269597,-1.642669439,-0.471156031,-1.036378264,0.486111015,-0.262591183,-0.526042283,0.729297459,3.594232321,-0.102462485,-0.076812387
-0.922226906,-1.604242206,-0.788184524,-0.020686338,-0.074059047,-0.295086473,-0.585527658,-0.315887034,3.318799734,-0.134419471,0.064501204
-1.063687682,-1.663722038,-0.579654098,-0.211774722,0.592158198,-0.288131982,-0.56113106,-0.465035409,2.065643072,-0.711632848,-0.076812387
0.308255762,-0.520148873,-0.248812065,-0.262621045,2.120407104,-0.725910246,-0.587550282,1.25689137,2.474473238,0.344099164,-0.076812387
-0.523816049,-0.800774276,-0.105050184,-0.84382087,1.61387527,-0.071807355,-0.437028199,0.552007198,3.926862001,-0.045106817,-0.076812387
-0.656323314,-1.948301196,-0.461775929,-0.341557503,-0.224155068,-0.306233734,-0.536503613,-0.531669199,3.15799427,-0.096589282,-0.076812387
-0.477491707,0.212762296,-0.189199582,-0.624667406,1.405747652,0.362928659,-0.249578625,1.64232707,5.246591091,0.862437785,-0.076812387
-0.41179502,-0.883902013,0.117295243,-0.92424345,0.142404512,0.028893188,-0.424522281,0.828387439,2.9520154,1.092875719,-0.076812387
-0.822990835,-1.740815878,-0.265090555,0.074245401,0.530323088,-0.113516316,-0.603500187,-0.674649775,3.665539742,0.542363703,-0.016970407
-0.691204369,-1.638464808,-0.08990591,-0.562056363,0.402788222,0.011333887,-0.468748808,0.564400256,5.446719646,0.409409821,-0.030995872
-0.692211866,-1.216407895,-0.415924639,-0.514704287,0.432127237,-0.151794478,-0.532611132,-0.568408847,3.041086435,0.579815447,-0.076812387
-0.608034909,-0.397413939,-0.458397746,-1.175222874,0.870416105,-0.198374316,-0.43775332,2.073980093,4.02318573,-0.003696772,-0.076812387
-0.930465877,-2.017531872,-0.324514627,-0.668840528,0.479938954,-0.483188033,-0.60228461,0.035804659,5.210364342,0.74548763,-0.076812387
-0.178796619,1.405256152,-0.216763765,-0.444835186,2.188276529,0.491957009,-0.219902828,2.588576078,2.729063988,0.459267527,-0.076812387
0.231306285,-0.580620527,-0.634852529,-0.581626952,-0.398392409,0.313714027,-0.274909854,1.892235756,2.580165148,0.218501747,-0.076812387
-0.881706357,-0.435169578,-0.711688757,-0.816226006,1.248640776,0.112007208,-0.478769839,-0.616237104,4.285332203,-0.295648456,-0.076812387
-0.162785485,-1.290039182,-0.016938062,-1.060819149,2.195196867,0.003983483,-0.386537045,1.728741765,2.639741659,0.063111432,-0.076812387
-1.161410809,-2.171364307,-0.149106234,-1.330571175,-0.489955902,-0.412430555,-0.624834001,-0.003568048,3.479988337,-1.230354309,-0.076812387
-0.206876919,0.046652433,0.561297715,-0.719617963,2.783439159,0.215021759,-0.464010268,-0.441841066,2.202687502,0.833200216,-0.076812387
-0.75987041,-1.893772721,-0.485211343,-0.3849563,-0.605148673,-0.20458886,-0.590371728,-0.449562162,3.583707809,-0.063434102,-0.076812387
-0.403860748,-0.449526429,0.008761305,-0.566148877,1.791501284,0.332083762,-0.422847033,-0.422847062,2.687189341,0.777802825,-0.076812387
-0.633951545,-0.789137721,0.081919439,-0.591352761,-0.460923582,0.378794372,-0.32167846,-0.327232093,2.506077766,0.761251152,-0.076812387
-0.851738453,-0.304285824,-0.493544519,0.512227476,1.046646118,0.080677159,-0.539200544,-0.744071186,2.813081741,-0.225142628,-0.076812387
-0.719660521,-0.715247631,-1.14141655,-1.163406253,1.141230941,-0.105616622,-0.241920352,3.03250289,4.151604176,-0.368616402,-0.076812387
-0.981550455,-1.774717689,-1.26711905,-0.564974785,-0.58752358,-0.177845985,-0.549506724,-0.317229182,2.824392319,0.645893335,0.011315555
-0.533140659,1.305775404,-0.541053236,-0.955995679,1.767557979,0.401998043,-0.28536126,-0.297882766,4.320408821,0.413421363,0.262335151
-0.860742807,-1.642298818,-0.74110955,0.124927223,-0.070636697,-0.021230632,-0.57026881,-0.610525131,4.569821835,0.583911777,-0.021277217
-1.089147925,0.341733336,-0.678426862,-0.09009368,-0.94508034,-0.265896469,-0.590371728,-0.451373309,4.098649979,0.361507356,-0.076812387
-0.946956456,-1.117796421,-0.112907313,-0.468723685,1.079454184,0.121073917,-0.537617445,-0.356448501,4.115098953,0.504255891,-0.076812387
-0.112283073,0.11406637,-0.056695968,-0.583367348,0.108110078,0.936854601,-0.1820364,-0.39593488,3.945479631,1.464933753,-0.076812387
-0.652762651,0.670642257,0.0828624,-0.568863273,0.36027658,0.384164423,0.379493743,-0.812322915,2.116118908,1.397066951,-0.076812387
-0.963500619,-1.143633008,-0.65056783,-1.166182995,2.240790844,-0.474129111,-0.290009797,3.770491362,2.706821918,-0.801838875,-0.076812387
-0.157032043,1.424156427,0.673273563,-0.473274261,0.515823007,0.90476197,-0.234440193,-0.45083636,3.105174065,0.766530037,-0.076812387
-1.031304955,-1.330357194,-0.805585146,0.195523933,-0.360316485,-0.329351306,-0.435121119,-0.640707195,5.067311764,-0.876030087,0.053832728
-0.752041519,-1.003212094,0.121523842,-0.477890074,0.700369596,0.184457004,-0.495821536,-0.413360208,3.206989765,0.465659529,-0.076812387
-1.089319229,0.261097699,-1.266322732,0.408970296,-0.398392409,0.112007208,0.174571842,-0.424399763,3.04094553,-0.318427265,-0.076812387
-1.063266516,-0.893139541,-1.201556563,-1.294193387,-0.093180738,-0.519458652,-0.596753657,-0.361281365,3.439302206,-0.897969723,-0.076812387
-1.064143538,-1.483923674,-0.759170651,-0.640889168,0.296869427,0.045976304,-0.496330768,-0.472837001,2.725488663,-0.308315605,-0.076812387
-0.445781887,-0.42222482,0.043545682,-0.77406919,-0.268030822,0.080261581,-0.449991733,-0.513704777,3.378100634,0.677570999,-0.076812387
-0.508755088,-0.272095174,0.520868242,-0.69915545,-0.66414988,0.488432914,-0.282453179,-0.755083203,3.507380247,1.555731416,-0.005293924
-0.770983636,-0.167496815,-0.558392465,-0.404090524,1.302880049,-0.218194351,-0.563567817,-0.553117692,1.710093021,0.257169455,-0.076812387
-0.759355366,-0.124187268,-0.247092992,0.387476474,2.342197895,0.190802038,-0.537688136,-0.166107729,1.041680574,0.674171388,-0.076812387
-0.603383362,-1.608387232,-0.468063116,1.222653747,0.020183593,0.075694099,-0.619910777,3.068357229,3.901790857,0.637330711,-0.076812387
-0.537655711,-1.332941413,-0.546321332,0.848077297,1.545116782,-0.059583027,-0.561838508,4.817949295,2.696195602,1.062384844,-0.076812387
-0.868006825,-1.887725949,-0.533908367,0.523481846,0.402788222,-0.171282828,-0.577807367,-0.521507025,3.281995773,0.329429775,-0.076812387
-0.632867754,-0.403963804,0.392153919,0.619442225,-0.215265408,-0.148976728,-0.584186196,-0.012714465,2.855816841,1.002588511,-0.076812387
-0.746113062,-1.68213737,-0.129775524,1.494095683,-0.574979186,-0.13759765,-0.614987612,-0.579873025,3.264964581,0.304946095,-0.076812387
-0.321451485,-0.268189847,0.006332574,0.424920589,-0.056555338,-0.087394401,-0.434908807,-0.372396588,2.231400728,0.612249672,-0.076812387
-0.914870679,-1.977382898,-0.464841336,1.201588035,0.17133604,-0.354159683,-0.617175698,2.230072737,2.489517212,0.099184185,-0.076812387
-0.969578981,-2.320339918,-0.706285834,1.554132342,0.280254722,-0.22623311,-0.606927156,-0.356031924,3.015343189,0.532587647,-0.076812387
-0.661593616,-1.469149709,-0.780576408,0.878001034,-0.425959915,-0.045082442,-0.598153532,-0.663048685,2.772289515,0.824711919,-0.076812387
-0.775745273,-1.274486661,-0.49884358,0.97310704,-0.526581287,-0.207265884,-0.611402571,0.551183581,3.280408621,1.035827041,-0.076812387
-0.668658316,-1.572574139,-0.212677062,0.711524427,-0.56185478,-0.13286449,-0.580117881,-0.127143681,4.446224213,0.453132927,0.001905921
-0.47906056,-1.484881163,-0.791279316,-0.321812153,0.579319537,-0.049260579,-0.613541245,-0.502336204,2.917683363,0.717006445,-0.076812387
0.651959836,-1.260534644,-0.45157516,0.354579866,0.000178123,-0.051053271,-0.580235779,-0.355401456,3.959168673,0.6010198,-0.076812387
-0.90952605,-0.662252724,-0.191581815,1.018597603,-0.185702309,-0.240417659,-0.591453552,-0.313187689,3.462431431,0.958217084,-0.076812387
-0.709536672,-0.772742152,-0.158392563,1.258829594,1.015455723,-0.309966862,-0.397225618,-0.314406991,1.916466832,0.806316197,-0.076812387
-1.019981503,-1.930908918,-0.530764043,1.737162113,0.150988594,-0.085583158,-0.615997493,0.418777287,4.978979111,0.704294682,-0.076812387
-1.006014228,-1.835589886,0.09533383,1.124431729,-0.784337461,-0.279508531,-0.587777793,-0.300920486,3.258211851,0.87474829,-0.076812387
-1.124219418,-1.914844751,-0.260542154,1.390431881,-0.70001334,-0.311068624,-0.588795066,-0.045794759,3.248202324,0.829126894,-0.076812387
-0.969461977,-1.136558056,-0.394677967,-0.050416842,1.868651986,0.089115083,-0.548676729,1.558874249,3.69734931,0.853204846,-0.076812387
-1.000224471,-1.265662313,-0.562828064,0.838122964,0.426731557,-0.10241808,-0.572810531,-0.700302839,3.414841652,0.767773926,-0.076812387
-1.069108129,-2.089657545,-0.872426629,1.107501626,0.137670264,-0.372927457,-0.626922607,-0.08484035,3.147922039,-0.267446131,-0.076812387
-0.918608248,-0.598007381,-0.323974907,0.557559907,-0.398392409,-0.483892411,-0.584186196,-0.524822116,2.501153708,0.445205092,-0.076812387
-0.736743391,-1.056071639,-0.401694328,1.083359957,-0.013825706,-0.399943948,-0.576076329,-0.551722765,2.954385519,0.306001276,-0.076812387
-0.69567734,-0.538815379,-0.191677257,0.750236809,0.941109598,-0.234811977,-0.587661266,-0.117367141,3.072699785,0.770177841,-0.076812387
-0.631951094,-0.92626673,-0.258208424,0.093634427,0.413694352,0.157508165,-0.534378171,-0.577654958,4.039309025,1.167107582,-0.076812387
-0.66078198,-1.772329807,-0.797876954,1.413700819,0.465565652,-0.215176269,-0.617028832,-0.614789367,4.835911751,0.791879833,-0.076812387
-0.938125134,-0.054510407,0.397358328,0.51285708,1.203968883,-0.370648414,-0.599650025,-0.456927776,1.83827281,0.964236498,-0.076812387
0.168566078,-1.526678562,-0.47489658,0.0599139,1.504028797,0.141116127,-0.567323744,-0.513886392,4.518287182,0.756190717,-0.076812387
-1.144288778,-1.154734015,-0.598627388,0.480042309,0.296869427,-0.418779671,-0.613541245,-0.112420492,2.236265898,-0.15057376,-0.076812387
-0.399517238,-0.647337437,0.117295243,0.275373459,0.402788222,-0.364435136,-0.45718962,-0.560723424,2.036950827,0.220366076,-0.076812387
-1.095434427,-1.509288669,-0.586277902,0.37119329,-0.581519425,-0.329277933,-0.577117026,-0.635090232,3.375687599,1.002588511,-0.076812387
-1.124011159,-1.598010302,-0.107317775,1.264045596,0.280254722,-0.208054066,-0.588006675,0.877130926,4.656077862,0.669451952,-0.076812387
-0.665011764,-1.183638334,-0.240403131,0.365883261,0.929829955,-0.3979882,-0.591340542,-0.336710751,3.07946229,0.818683445,-0.076812387
-0.697698593,-1.827422023,-0.419736326,0.516904652,-0.357697517,-0.490917832,-0.594200909,-0.324190676,1.795494556,0.542363703,-0.076812387
-0.518448353,-0.007078066,-0.230879351,0.617513895,0.837385476,-0.256123304,-0.432440549,0.079153985,1.673118114,0.389323294,-0.076812387
0.05348514,-0.332648575,-0.123155408,-0.575819492,0.716675401,0.063771248,-0.283044219,0.064298578,2.166661501,0.460405827,-0.076812387
-0.545909762,-1.740103364,-0.36811325,0.800642967,-0.717012227,-0.211922973,-0.574103475,-0.465421855,3.996297598,0.444377452,-0.076812387
-0.400781423,0.262717038,0.468173593,0.29224357,0.941109598,-0.381284177,-0.553328097,-0.027922241,1.771052122,0.639464796,-0.076812387
0.047269531,-0.156369194,0.684434414,0.732989132,0.795595646,1.105228066,-0.269183815,-0.521210432,4.361249447,1.167246819,-0.076812387
-0.63362354,-0.766934991,0.039548751,1.208871126,-0.089887999,0.013461404,-0.493276924,0.648879826,4.040668488,1.270575643,-0.076812387
-0.791629851,-0.664212525,-0.454138458,0.724899232,0.438094497,-0.343542546,-0.598549247,-0.209813803,4.329983711,0.500111401,-0.076812387
-0.786258519,0.032043714,0.199193463,0.193488851,1.383605719,0.197005764,-0.476064295,-0.472707361,4.720430851,1.375560999,-0.076812387
-0.779768229,-1.007102251,-0.819436133,-0.026724592,-0.654770195,0.121228091,-0.556969881,-0.305846214,2.966220617,0.230433494,-0.076812387
-0.646624804,-1.291951656,-0.339668244,0.595918059,3.447274685,-0.037832152,-0.519476116,-0.441784739,4.054388046,0.682004571,-0.076812387
-0.092730649,-1.303864002,-0.036247738,0.120739721,0.659847856,0.212750271,-0.364192009,-0.325560212,3.396495104,0.498517215,-0.076812387
-0.3981511,0.120665058,0.66278398,0.642603159,0.402788222,-0.242523417,-0.541550279,0.3284536,1.599195123,0.916296363,-0.076812387
-0.539832175,-0.863794684,-0.74110955,-0.426321447,1.270733953,-0.129140511,-0.548490584,-0.217376366,2.633208513,0.171893328,-0.076812387
-0.860595524,0.681622982,-0.459665358,-0.229523167,2.00777626,-0.045201302,-0.541597366,-0.613635898,3.797020197,0.855677068,-0.076812387
-0.529227555,-0.155844346,0.047265586,-0.368760139,0.453594804,0.086881705,-0.31285277,-0.665803313,3.354143858,0.434946716,-0.076812387
-0.724416316,0.123411663,-0.537703276,0.115149081,0.883496583,-0.461416483,-0.604804635,-0.378688335,1.631457448,0.039525405,-0.076812387
-1.10515523,-1.412784219,-0.553530991,0.514802516,0.941109598,-0.60351783,-0.636450469,-0.457945973,2.657286882,0.247325644,-0.076812387
-0.631109595,-1.400361896,0.070889823,-0.267197639,1.222576857,-0.124835648,-0.503734469,-0.668106258,3.243532181,0.469453514,-0.076812387
-1.067361116,-1.711769581,-0.382663697,0.105891705,-0.082310185,-0.48119244,-0.61570698,-0.224925101,2.716251135,0.587895811,-0.076812387
-0.731539369,-1.531063676,-0.551668465,0.76391685,2.277550936,-0.42554149,-0.596402645,-0.357976317,3.598132849,0.031322323,-0.076812387
-0.628234088,0.309047908,-0.42718485,-0.421315312,0.765892088,-0.058452249,-0.211919606,-0.357771575,1.239022255,0.511869669,-0.076812387
-0.875390053,-0.024522152,0.065044515,-0.235100403,1.362811565,-0.260636777,-0.577086329,-0.352154195,2.926860809,0.045231897,-0.076812387
-0.607102513,-0.879063249,0.442897052,0.551333666,0.17133604,-0.073731169,-0.533413351,-0.407210052,5.013981819,1.230215192,-0.076812387
-0.730333507,-1.920891047,-0.198311716,1.050525427,-0.273533076,-0.078697436,-0.575751424,-0.624267399,4.78174305,1.237349749,-0.076812387
-0.745970964,-1.238440752,0.210831761,0.128350049,0.402788222,0.138603687,-0.540516376,-0.447632074,4.788500309,0.956182539,-0.076812387
-0.939126074,-1.326597929,-0.352711111,0.909545124,0.655871451,-0.391775131,-0.585111141,3.088543653,3.500657797,0.418107748,-0.076812387
-1.167677999,-1.66309011,-0.14064905,1.086202025,0.402788222,-0.268611521,-0.606884897,-0.374058515,4.446753502,1.487582445,-0.076812387
-0.868262947,-1.517203569,-0.032167315,0.681182444,0.582806587,0.084259175,-0.585408032,-0.483003527,3.961342335,0.817299128,-0.076812387
-0.796753764,-1.199044704,0.035518516,0.066629454,1.144219756,-0.221639335,-0.563113511,-0.681020141,4.614734173,0.125474498,-0.076812387
-1.08778739,-1.690525532,-0.245432198,-0.266320497,1.426669955,-0.152116403,-0.56447643,-0.144088641,3.660489798,0.125474498,-0.076812387
-1.134849906,-1.448338866,-0.839317858,0.915006578,-0.130090058,-0.093586333,-0.610942245,-0.257960588,3.954399109,0.568129957,-0.076812387
-1.036164284,-1.139828801,-0.696380377,0.188464478,-0.198987454,-0.537296712,-0.59573251,-0.439612687,1.839011073,0.357705563,-0.076812387
-0.998697937,-1.876056075,-0.780576408,0.057338804,-0.165321678,-0.541837275,-0.617175698,-0.400662452,3.234966993,0.275448769,-0.076812387
-0.926414132,-1.844102025,-1.354640245,0.536038458,0.592158198,-0.589513421,-0.619612396,-0.280119389,2.962898731,0.187316477,-0.076812387
-1.220732689,-1.970462918,-0.847046971,1.258787394,-0.364658475,-0.383842766,-0.632693768,-0.45373863,3.483462095,-0.10491164,-0.076812387
-1.147876143,-1.339391589,-0.960996449,1.259402871,-0.688343465,-0.441863269,-0.642065108,-0.644219816,4.210680008,0.071485467,-0.076812387
-1.186461926,-2.200844526,-0.658052385,0.90608573,-0.685382485,-0.175371259,-0.622776508,-0.613769352,3.810064554,0.076033019,-0.076812387
-1.173023701,-2.015104055,-0.40940693,0.890362859,-0.66259855,-0.52166456,-0.63395375,-0.605842531,4.913444519,0.270873964,-0.076812387
-1.258838892,-2.040204763,-0.985137165,1.05389905,0.040940445,-0.17184341,-0.645112216,-0.546548784,5.849960804,0.492427975,-0.076812387
-1.131867766,-1.539105296,-0.647635341,0.485518456,-0.364658475,-0.581985593,-0.630577683,0.106853716,4.026021481,0.384918332,-0.076812387
-0.676417589,-0.897834659,-1.261042833,0.510803998,-0.593462467,-0.570413351,-0.635821939,0.705458939,3.660941601,0.368945628,-0.076812387
-1.148082137,-1.949591994,-0.992980003,0.558361232,-0.316817641,-0.587470174,-0.634232759,-0.381035566,3.170464277,0.790141344,-0.076812387
-1.070895553,1.746828318,-0.999657929,0.707331598,0.36027658,-0.450654864,-0.592012823,0.374246627,2.493665695,-0.074922048,-0.076812387
-1.159506202,-1.726118445,-0.801625431,0.985139728,-0.384149194,-0.457382351,-0.636831939,-0.217188597,3.567640305,0.099184185,-0.076812387
-0.376215458,-1.525648832,-0.888388395,0.536582887,0.35198164,-0.46816349,-0.629597068,-0.573431253,2.51117444,-0.316972166,-0.076812387
-1.141803145,-1.754353166,-0.976243258,0.479026258,-1.210857272,-0.541165769,-0.636806786,-0.50684911,2.589029551,-0.403293997,-0.076812387
-0.892422378,-0.151817933,-0.572855949,0.442439407,-0.583929002,-0.144296959,-0.579791248,-0.46586144,3.148028612,0.201232091,-0.076812387
-0.790799797,-1.373154879,-0.945820987,0.740490079,0.96735847,-0.577673972,-0.631704926,-0.306362271,3.492846251,0.287639022,-0.076812387
-0.862276733,-1.519889593,-1.048951268,-0.001382512,-0.326286137,-0.537921011,-0.628567398,-0.352768928,4.081175327,-0.230430573,-0.076812387
-0.914155602,-1.416742802,-0.663891733,0.822190583,-0.321757734,-0.45803383,-0.627955556,-0.567907155,4.661671638,0.267785072,-0.076812387
-0.879673839,-1.343302608,-0.679541171,0.639913797,-0.013825706,-0.413179755,-0.628969431,-0.476006031,4.113006592,-0.05592864,-0.076812387
-1.036927819,-1.998382688,-0.919499874,0.677019179,0.541659534,-0.252102435,-0.628969431,-0.423990577,4.432574272,-0.242064029,-0.076812387
-1.04934752,-1.165386081,-0.725286424,0.32529217,0.853959978,-0.385846138,-0.60852927,-0.689203143,4.935872078,0.145646557,-0.076812387
-1.191295862,-1.639384866,-0.600156367,0.82481724,1.493919969,-0.391024917,-0.601859152,-0.699782729,3.101209402,0.486966252,-0.076812387
-1.255291581,-1.916702867,-0.685260177,-0.235852435,0.520697832,-0.50007242,-0.600992203,-0.478343457,2.427097321,-0.486147225,-0.076812387
-0.949243128,-1.833617568,-0.721435726,0.919549644,-0.623013437,-0.559327424,-0.625111639,-0.451091856,3.45549798,0.157761529,-0.076812387
-0.750049472,-0.802088261,-0.705263495,0.371655375,-0.457194656,-0.328575492,-0.589634001,0.262974352,2.926027298,0.511869669,-0.076812387
-0.903410316,-1.535936475,-0.916111469,0.834038496,-0.379633069,-0.49941048,-0.636265337,-0.278691381,4.616049767,-0.078628078,-0.076812387
-0.918964982,-1.325107217,-0.59347415,0.246669054,1.200012445,-0.612216353,-0.617175698,-0.135975048,3.778697014,-0.331684768,-0.076812387
-1.005427122,-1.539563179,-0.780576408,0.937848508,-0.569310963,-0.453101248,-0.606454134,-0.373261958,5.510932922,0.320773929,-0.076812387
-1.037503839,-1.599409938,-0.591135383,0.890102565,0.680530846,-0.496715188,-0.615835488,-0.491916597,5.760389805,0.312464327,-0.076812387
-0.982527971,-1.991409183,-0.654282391,0.504951894,-1.309957862,-0.597232401,-0.620749533,-0.460597426,3.451242685,0.667931199,-0.076812387
-1.274484277,-1.738207221,-0.687517643,0.396775603,0.07388249,-0.411641926,-0.623382926,-0.673987627,5.305947781,0.176740602,-0.076812387
-1.004752398,-1.448500633,-1.019511104,0.378907502,-0.178969964,-0.620990753,-0.636010885,-0.751615226,4.463949203,0.141106576,-0.076812387
-1.082204819,-1.751444221,-0.245025769,1.174074411,-0.625562608,-0.34794271,-0.621925771,-0.202680111,5.839033127,-0.008805757,-0.076812387
-1.012519121,-1.049298525,-0.834702432,0.816242456,0.224239394,-0.386743814,-0.635555565,-0.409081072,5.770439625,0.475886762,-0.076812387
-0.993201077,-1.515182734,-0.913517535,0.225608185,0.220062807,-0.528753221,-0.617175698,-0.44725886,3.158782005,0.037955437,-0.076812387
-1.084522486,-1.692242384,-0.803964198,-0.210075244,-0.857340336,-0.626090348,-0.62710309,-0.79059422,2.791518211,-0.475307763,-0.076812387
-1.046111584,-1.765464067,-1.010201931,1.462433815,0.024048287,-0.479687989,-0.619612396,-0.566835344,5.701522827,0.10799741,-0.076812387
-1.083769083,-2.117516041,-0.906870484,1.022179008,-0.266319007,-0.427414477,-0.628871977,-0.603927672,5.417676449,0.014577189,-0.076812387
-1.171839952,-1.759355068,-0.997802138,0.001482245,0.052832521,-0.559273124,-0.627039552,-0.680100441,4.898635387,-0.148996338,-0.076812387
-1.088171721,-1.593027711,-0.67705673,0.47492525,-0.724118292,-0.555514872,-0.581144154,-0.525263369,2.622513056,-0.307669133,-0.076812387
-1.191645145,-1.961987495,-0.751873255,0.109425291,-0.41781497,-0.603135169,-0.607428789,-0.454057723,4.438484192,-0.00657456,-0.076812387
-0.944232106,-1.787664413,-0.149106234,0.572670698,0.028903928,-0.544980764,-0.637794137,-0.003176214,3.050232649,0.039525405,-0.076812387
-0.882501185,-0.60160768,-0.123847432,0.224114776,0.208368391,-0.565266669,-0.591443896,-0.754471719,2.87309289,-0.086951204,-0.076812387
-0.810479283,-1.026286364,-0.348517865,0.638449073,-0.145387992,-0.573113561,-0.529004812,-0.150681213,2.192317963,-0.10491164,-0.076812387
-0.7782951,-1.223649502,-0.812149942,0.124803208,-0.569310963,-0.442398429,-0.614495277,-0.854915142,4.098704815,-0.288597882,-0.076812387
-1.243631959,-1.414139032,-0.861290634,0.621525168,0.199179903,-0.519458652,-0.636925995,-0.639214694,5.205773354,0.12250942,-0.076812387
-0.100265041,-0.085462362,-0.056695968,0.510630369,1.571339488,-0.498314083,-0.549185216,-0.664827347,2.203682423,-0.373720765,-0.076812387
-1.067931294,-1.376749516,-1.237384677,-0.051319838,-1.680281401,-0.506478667,-0.633144021,-0.038744044,3.555837154,-0.164837644,-0.076812387
-0.954526663,-1.774676681,-0.895389199,-0.031952318,0.087171607,-0.405619681,-0.617175698,-0.862509072,4.365876198,-0.359103709,-0.076812387
-0.699629068,-0.539298415,-0.175417498,0.394454122,2.717309952,-0.559148252,-0.498791575,7.518466473,2.88202405,0.583911777,-0.076812387
-0.767654002,-1.213698864,-0.474409074,0.398794681,-0.165321678,-0.466917604,-0.586310565,-0.574359655,3.637264967,0.005176411,-0.076812387
-1.194194674,-1.246803045,-0.149106234,0.303944856,-1.325716376,-0.563863933,-0.619456887,4.145889759,3.511970758,-0.412358105,-0.076812387
-0.712158382,0.577943504,-0.38013193,0.01154383,-0.460923582,-0.383193612,-0.564875305,0.432655603,2.292022705,-0.089977801,-0.076812387
-0.946133256,-1.997988224,-0.321325392,0.622849226,-0.165321678,-0.599729776,-0.617175698,-0.406875372,3.513156176,-0.500115395,-0.076812387
-0.586710215,-1.312957048,-0.272654742,0.016144106,1.5801754,-0.472692043,-0.628829598,0.133338332,3.345383644,0.267785072,-0.076812387
-0.873079717,-1.516943574,-0.03252713,0.144531205,0.627118766,-0.563422501,-0.589134634,-0.262789786,2.715898991,1.089519858,-0.076812387
-1.240519285,0.161239222,-0.94353646,0.206477389,-0.20197393,-0.378595859,-0.615014076,-0.532095373,3.683918238,-0.063434102,-0.076812387
-0.898598313,-1.269383907,-0.541785181,0.703990757,0.420293003,-0.374655932,-0.606364012,-0.447894037,5.465153217,0.359878004,-0.076812387
-1.043306231,-1.029900312,-0.706935585,0.247729629,-0.028401121,-0.544359088,-0.623896241,-0.32333681,4.751961708,0.393129766,-0.076812387
-0.818002105,-1.316502094,-0.707149684,0.204369217,0.3866404,-0.353191733,-0.607202113,-0.718253732,5.182449341,0.243475184,-0.076812387
-1.105057359,-1.315741181,-0.996296048,0.042071808,-0.541709185,-0.640912294,-0.627830684,-0.222711846,4.199128628,-0.498144716,-0.076812387
-1.122857213,-1.121878624,-0.881611645,0.540602207,1.430435896,-0.502334177,-0.625752985,-0.513394237,3.003483057,0.409409821,-0.076812387
-1.124337435,-1.512691021,-0.790761411,-0.025871562,2.889032602,-0.519976556,-0.631874621,-0.056013752,3.011206388,-0.626343548,-0.076812387
-1.26003778,-1.084624529,-0.182341516,-0.032866117,-0.80319947,-0.499179661,-0.605889857,-0.034851968,3.530263901,-0.268188298,-0.076812387
-0.347219467,-0.537586153,0.389305174,0.592354476,0.249298871,-0.52165556,-0.482873797,-0.323422104,2.721459866,0.103266098,-0.076812387
-1.027220011,-0.895170748,-0.60637778,0.280224502,0.905598104,-0.584229112,-0.629191279,-0.679208159,3.684165955,-0.248482496,-0.076812387
-0.794605553,-1.231852174,-0.294830143,0.224282682,0.028903928,-0.441245824,-0.592433572,10.04492664,3.133101702,0.994065881,-0.076812387
-1.069257259,-1.400917768,-1.065756559,-0.041713536,-0.873931885,-0.545352578,-0.616311073,-0.517616987,3.148714542,-0.213543281,-0.076812387
-1.025217295,0.506681681,-0.149106234,0.723778725,0.114363194,-0.466603249,-0.59655726,-0.514234781,3.341703176,-0.05592864,-0.076812387
-1.270155549,-1.436875939,-1.027003765,-0.024390401,-0.054470968,-0.575061083,-0.623713255,-0.816204846,3.808756351,1.044994116,-0.076812387
-1.189626098,-1.723570466,-1.096311569,0.017739387,-0.818321586,-0.630730987,-0.637509763,-0.592794895,4.012255192,-0.408944041,-0.076812387
-1.130188465,-0.713397384,-0.780576408,0.245941505,0.986047685,-0.637189567,-0.557134867,-0.364396036,2.014969587,-0.211041465,-0.076812387
-0.189862877,-0.378308803,-0.30065909,0.499131441,-0.569310963,-0.523311675,-0.482083768,-0.663351238,2.906154871,0.65759033,-0.076812387
-1.110186219,-1.706787825,-0.678960562,0.18771182,-0.531001627,-0.517490327,-0.622105181,-0.538798749,5.538907051,-0.194995314,-0.076812387
-1.083274722,-1.558845639,-0.550950885,-0.098920658,-0.41781497,-0.409025103,-0.612302244,-0.136879578,4.016767502,-0.218092054,-0.076812387
-1.002548933,-1.221561909,-0.699096382,0.268965155,-0.605148673,-0.61302197,-0.613717139,-0.460718244,4.308846474,-0.125979587,-0.076812387
-1.098473907,-1.543426871,-0.831094027,-0.12074738,0.319465429,-0.583247423,-0.621464312,-0.497013211,5.761922359,-0.164507613,-0.076812387
-0.892355144,-1.966836095,-0.717429399,0.025218802,0.402788222,-0.54915899,-0.630577683,-0.048249278,3.176036358,-0.34676519,-0.076812387
-0.76807338,-1.777259588,-0.791279316,0.377382725,0.296869427,-0.552111328,-0.635347903,0.169795975,3.760128736,0.283216357,-0.076812387
-0.927720606,-1.640132666,-0.22642912,0.378260404,-0.1498629,-0.466709107,-0.595294952,-0.355486333,5.139621735,0.091270268,-0.076812387
-1.193872213,-1.347569108,-1.02344954,0.138235033,2.165385485,-0.604052067,-0.636763215,-0.552911818,4.243439674,-0.288597882,-0.076812387
-1.000187635,-1.405328274,-0.743431091,-0.033119522,-0.70001334,-0.513792455,-0.602985382,-0.619157732,4.175541401,-0.288597882,-0.076812387
-1.175763845,-1.817111611,-0.527988374,0.514410138,-0.347116858,-0.523311675,-0.630041599,-0.315736294,4.574480057,-0.05592864,-0.076812387
-0.925747275,-1.186715484,-0.637986362,0.187995076,-0.605148673,-0.567103446,-0.611123204,-0.372580379,2.340291977,-0.551288962,-0.076812387
-0.86598587,-1.197870493,-0.753029048,0.265468359,0.165122554,-0.494138241,-0.616815925,-0.159460872,5.139854431,0.078363672,-0.076812387
-0.837145329,-1.147026539,0.092000559,0.345550716,-0.468313634,-0.499609828,-0.537738562,-0.404815823,3.787968397,-0.246294379,-0.076812387
-1.17901206,-1.325605512,-0.237218365,0.039399825,0.257457793,-0.482123286,-0.614682317,-0.240278035,3.385513306,-0.31565243,-0.076812387
-1.190227151,-0.687961817,0.279816896,0.406594396,-0.42257899,-0.640016735,-0.570648074,0.261533022,2.479139805,-0.398347527,-0.076812387
-0.747176468,-1.394825816,-0.842183292,0.412143975,-0.054470968,-0.598816097,-0.619790733,-0.258445233,3.094332933,0.34509477,-0.076812387
-0.999965429,-0.996165931,-0.851871431,0.528597534,0.738767207,-0.384033561,-0.615014076,-0.697938204,5.150672436,-0.344888836,-0.076812387
-1.179201841,-1.600001335,-0.666487277,0.844305396,1.330541968,-0.564788222,-0.62213105,-0.474838674,5.624866962,0.200203046,-0.076812387
-0.961958647,-0.764077663,-0.363355041,0.693272293,-0.291568309,-0.467282444,-0.585585356,-0.219963089,3.526091814,0.209979057,-0.076812387
-0.971421301,-1.144512415,-0.494496018,0.162758783,0.713522375,-0.529570162,-0.608586609,0.278312862,3.484833241,-0.346443832,-0.076812387
-0.907548249,-1.674136639,-1.011063099,0.474576384,-0.013825706,-0.644681573,-0.617711782,0.231670097,4.465171814,-0.05592864,-0.076812387
-0.629300714,-1.605915546,-0.724623382,0.500623405,1.905762553,-0.598307252,-0.625997245,0.280535787,4.80499649,0.904200137,-0.076812387
-1.050540686,-1.553241849,-0.924092352,0.03377587,0.592158198,-0.574188948,-0.634232759,-0.368905902,3.323194027,-0.552994728,-0.076812387
-0.720925808,-0.455856115,-0.323974907,-0.278571337,-0.654770195,-0.584169507,-0.591608882,-0.082033791,1.612168908,0.123047695,-0.076812387
-0.956641793,-0.323427379,0.400883913,0.925526977,0.559578419,-0.391888052,-0.496125579,-0.37073788,4.100038052,0.361875266,-0.076812387
-1.167737961,-1.864622831,-0.398370773,0.784917831,0.731693923,-0.552412033,-0.643274307,0.512872934,4.545118332,0.384918332,-0.076812387
-0.932528794,-0.254900664,-0.176965222,0.940255821,-0.454946339,-0.530318856,-0.481579244,-0.619578242,1.430535674,-0.39124608,-0.076812387
-0.887650788,-1.491903424,-0.308300406,0.204635814,-0.279898465,-0.532679796,-0.607264996,-0.223421052,4.448026657,0.034010727,-0.076812387
-1.030292988,-1.743708014,-0.479031682,0.142338157,0.379382938,-0.600992441,-0.610248864,-0.620108008,5.141937733,0.025113452,-0.076812387
-1.129867554,-1.418010354,-0.81403178,0.293888003,-0.024861837,-0.587077737,-0.609010279,-0.512650013,5.575988293,0.011869017,-0.076812387
-1.216170549,-1.648613095,-0.727061987,0.285821497,-0.832931042,-0.5368734,-0.616267085,-0.007837057,4.446268559,0.046603564,-0.076812387
-1.180161595,-1.192255259,-0.762003779,0.75809902,1.260522723,-0.50057137,-0.61875242,-0.752888501,3.614221334,-0.083301492,-0.076812387
-0.970614314,-1.296072364,-0.88760525,-0.088747188,-0.268030822,-0.613062918,-0.621718764,-0.635015368,3.899906635,-0.190009221,-0.076812387
-0.869494081,-1.884186268,-0.785135806,0.340371609,0.42534855,-0.571736276,-0.623175144,-0.450008839,4.896356583,-0.032409728,-0.076812387
-1.324232221,-2.00568676,-1.028211832,0.861882925,2.02295351,-0.565207958,-0.642402947,-0.458510816,6.516332626,0.099184185,-0.076812387
-0.920538723,-1.096844435,-0.88792634,0.400911212,0.986047685,-0.482855052,-0.611278832,2.492660761,5.026573658,0.316342145,-0.076812387
-1.204115391,-0.614985645,-0.925129831,0.454636484,0.227107644,-0.57806623,-0.630093277,-0.756905794,6.355999947,0.173937351,-0.076812387
-1.103829503,-2.044919729,-1.027423859,0.061307296,1.349638104,-0.499609828,-0.638618886,-0.325868249,4.064553738,-0.161687389,-0.076812387
-0.873561263,0.305375665,-0.640249729,0.949974418,0.17133604,-0.40410614,-0.587393522,2.122859955,3.267049551,0.056097288,-0.076812387
-0.9715693,-1.233032107,-0.376435518,0.051683698,-0.124922752,-0.466372728,-0.619320035,-0.655099988,3.919929028,-0.148996338,-0.076812387
-1.039516211,-1.082571983,-0.69699949,0.403414845,-0.209879324,-0.508283675,-0.600620329,-0.449597239,5.218422413,-0.254381806,-0.076812387
-1.299298525,-1.585285783,-0.713398755,0.227319121,-0.616586268,-0.678634524,-0.636565804,-0.15057008,4.03066206,-0.511366308,-0.076812387
-1.075933695,-1.558771968,-0.649927437,0.779792964,0.809824824,-0.539018989,-0.630115569,-0.127486274,4.832237244,0.152671367,-0.076812387
-0.920542836,-1.271470547,-0.870786428,0.271354049,0.501982033,-0.543540001,-0.624834001,1.976935744,4.546340466,-0.20550172,-0.076812387
-0.623757184,0.779315233,0.011190037,0.478228152,-0.526581287,-0.416464686,-0.545835972,-0.255873263,3.284480572,0.749464869,-0.076812387
-0.337542117,-0.982137859,0.044200961,-0.114511177,-0.66000241,-0.106635943,-0.457446009,0.085098453,2.173547029,-0.359823167,-0.076812387
-0.724395156,-1.17091918,-0.070499994,0.32040593,-0.366478145,-0.39595443,-0.576024413,-0.622924089,4.138124466,0.913365602,-0.076812387
-1.038860679,-1.312627912,-0.762788534,0.024815315,1.13626349,-0.513730407,-0.607360184,-0.40050438,4.962197304,0.241188884,-0.076812387
-0.519881725,-0.63658917,0.342948437,0.480762988,-1.031013012,-0.52237761,-0.553820908,-0.4844428,1.253508806,-0.00153843,-0.076812387
-1.051433802,-1.540346622,-1.279105544,0.073395543,-1.095560074,-0.514952242,-0.625640094,-0.410872161,3.631932735,-0.064092472,-0.076812387
-0.678469121,-1.347733855,-0.357812494,0.790795565,-0.268030822,-0.5368734,-0.587645948,-0.009811279,3.865434408,-0.07170283,-0.076812387
-0.866899788,-1.571082354,-0.187377155,0.385566354,-0.670308232,-0.471458167,-0.633420527,0.342638403,4.525444508,-0.18283914,-0.076812387
-0.989819288,-1.263543487,-0.74110955,-0.075977802,-0.070636697,-0.491181344,-0.611388505,-0.602827609,4.77244854,0.081557728,-0.076812387
-0.901468813,-1.741796136,-0.754265189,-0.060269181,-0.060116142,-0.556026578,-0.617175698,-0.582454264,3.925269127,-0.320913047,-0.076812387
-0.834300816,-1.215185761,-0.780576408,0.228480116,-0.82568872,-0.510402441,-0.617175698,-0.292535335,3.897497177,-0.37808606,-0.076812387
-1.125019431,-0.980436265,-0.676527381,0.427214891,-0.638746619,-0.551202238,-0.616871119,0.0072629,5.524540901,0.160876781,-0.076812387
-0.507700384,-0.404462218,-0.419736326,-0.123015091,1.349638104,-0.449403912,-0.616479516,-0.149335042,4.218369007,0.209979057,-0.076812387
-0.792819202,-0.983504415,-0.149106234,0.340284824,-0.63146311,-0.477919787,-0.607803702,-0.552911818,4.405297279,0.012407778,-0.076812387
-1.154667616,-1.648395538,-1.110883951,0.500894368,-0.142014608,-0.523657441,-0.615113854,-0.394960999,5.068879604,0.033559527,-0.076812387
-0.87427026,-0.948774099,-0.406460136,-0.200023666,-0.108153388,-0.485653937,-0.610095441,-0.433188558,3.608199596,-0.047148671,-0.076812387
-1.028708577,-1.666333079,-0.680870593,-0.107536472,-1.095560074,-0.495236516,-0.617175698,4.058435917,4.509314537,0.017545855,-0.076812387
-1.089159131,-0.709576786,-0.586277902,-0.054427736,-0.142014608,-0.452771902,-0.61387676,-0.938448012,2.522585392,-0.127519175,-0.076812387
-0.903754234,-1.200726509,-0.467877239,-0.053798117,0.082315966,-0.532734275,-0.578773856,-0.39727965,3.614554882,0.214773074,-0.076812387
-1.16117835,-1.866379261,-1.398611069,0.230802119,-0.616586268,-0.616467118,-0.626300454,-0.566545904,3.337097645,0.082682818,-0.076812387
-0.802905738,-0.99921751,-0.784814477,0.670874,0.332886547,-0.451147437,-0.59414947,-0.492072284,4.869190216,0.265748292,-0.076812387
-0.982506096,-1.150522232,-0.357812494,0.414839596,0.720544577,-0.310209632,-0.610815465,-0.811025023,5.476658821,0.086039029,-0.076812387
-0.623318791,-0.294255227,-0.002356127,0.508999586,-0.506721079,-0.424037814,-0.507694781,2.240119934,3.782153606,0.121031061,-0.076812387
-1.086498976,-1.06336391,-1.004222155,0.45470497,-0.060116142,-0.560709059,-0.641745985,-0.168556571,5.485880375,-0.24012512,-0.076812387
-1.027363896,-1.370048523,-0.615308821,0.13405399,0.663171947,-0.479448557,-0.609846473,-0.237873912,5.743897915,0.165834233,-0.076812387
-1.01510036,-1.331989765,-0.603245735,0.664267004,0.260112226,-0.587414205,-0.63112843,-0.661594331,4.674546242,0.316979587,-0.076812387
-1.0699507,-1.194127321,-0.535170972,0.139518142,0.531129003,-0.562980056,-0.612094402,-0.376810849,4.936979771,-0.172814608,-0.076812387
-0.931424558,0.308213443,-0.884250641,0.902420819,0.18515408,-0.581279397,-0.62037617,-0.632042766,5.902353287,0.180213273,-0.076812387
-0.900198877,-1.610562086,-0.817721725,0.093668036,-0.373257339,-0.522606552,-0.623482525,-0.840174079,3.637712002,-0.357030004,-0.076812387
-0.944211245,-1.2757622,-0.737661004,0.260001719,-0.305050969,-0.50698936,-0.608327806,-0.50466013,5.404873848,0.118008554,-0.076812387
-0.943784833,0.257560551,-0.598627388,0.210907757,0.673469603,-0.42893827,-0.555390298,-0.537637174,4.096194267,0.401522756,-0.076812387
-0.950169146,-1.295463443,-0.776033461,0.061639193,-0.361503512,-0.493818104,-0.616404355,-0.365656316,3.977575541,-0.380661249,-0.076812387
-1.016700983,-1.629907131,-0.883673608,0.022462621,-0.66000241,-0.504168928,-0.629210114,-0.733877778,5.584357738,0.162495539,-0.076812387
-0.746141732,-0.809595525,-0.517463863,0.124803208,-0.661891818,-0.456133693,-0.559100449,-0.407495081,3.888507843,0.409409821,-0.076812387
-1.036203027,-0.182161033,-0.70252955,0.078881264,0.004898515,-0.50502789,-0.585854232,-0.50543952,4.312364101,0.064327367,-0.076812387
-1.322589993,-1.523756862,-0.815658092,0.307298839,-0.754472673,-0.470701426,-0.578458905,0.194285184,3.207715511,0.013010392,-0.076812387
-0.773413062,-1.038869619,-0.391414553,0.303985327,-0.711411834,-0.479509801,-0.543620646,-0.800876498,3.226769686,0.306602508,-0.076812387
-1.1835531,-1.631175995,-0.826781571,0.55321914,0.622950077,-0.593334138,-0.618483186,-0.468664616,4.809492111,-0.184558794,-0.076812387
-1.053510785,-1.732267976,-1.076158166,0.202938214,-0.616586268,-0.458657593,-0.616035104,-0.713008881,4.258293629,0.280699193,-0.076812387
-1.04983592,-0.978205562,-0.326707244,-0.006839191,-0.291568309,-0.424136758,-0.605448961,-0.547334552,4.782289505,0.268838823,-0.076812387
-1.364352584,-1.94789207,-0.801280379,0.814402282,0.505234241,-0.568410873,-0.625963867,-0.276892751,5.5278368,0.607750833,-0.076812387
-1.033275723,-1.640723586,-0.652683735,-0.004982884,-0.625562608,-0.572701752,-0.638211727,-0.811562657,5.948714256,-0.332775593,-0.076812387
-1.032118678,-1.615806699,-0.651704967,0.092619933,0.020183593,-0.432307214,-0.578884363,-0.476392269,3.65871644,-0.834658325,-0.076812387
-1.116502285,-1.731198192,-0.768432796,0.481376231,0.242552087,-0.465738773,-0.61820662,-0.739432335,5.784911156,-0.154365629,-0.076812387
-0.964831471,-0.714221478,-0.325330466,-0.265159041,-1.680281401,-0.482123286,-0.581021547,-0.528559744,4.427390575,-0.31565243,-0.076812387
-0.867286146,-0.811035275,0.018540712,-0.121133693,1.269197702,-0.47143808,-0.588236928,-0.489699006,3.689692497,-0.072400801,-0.076812387
-0.737509191,-0.667531073,0.179784477,0.142082691,0.981418669,-0.596608102,-0.587021232,1.798320532,4.401230335,0.115341768,-0.076812387
-0.712334812,-0.649774194,0.830761313,0.449569732,0.043638282,-0.5338521,-0.551552236,-0.57016778,3.985835075,0.674171388,-0.076812387
-1.041460514,-2.163510323,-1.01913178,1.174304605,0.541659534,-0.502334177,-0.641001463,0.500088394,3.684863567,-0.10763292,-0.076812387
-1.071320534,-1.612748861,-1.096311569,-0.200133264,-0.605148673,-0.527226806,-0.613717139,-0.470138371,2.300297737,-0.251070589,-0.076812387
-0.873340666,-1.774285913,-0.732001781,1.256854415,-1.25298512,-0.285643399,-0.633670449,-0.645035565,1.248545289,0.099184185,-0.076812387
-1.183226705,-0.310280114,-0.995153666,0.200402066,0.423012197,-0.594274461,-0.606766403,-0.32048583,2.838808298,0.016356947,-0.076812387
-1.130817533,-2.126284122,-1.128239751,0.864275277,-0.556828141,-0.53785789,-0.641871452,-0.754040539,2.991307735,0.534894347,-0.076812387
-0.847640097,-0.832315385,-0.654282391,0.332157046,-0.939634442,-0.62470299,-0.610027969,-0.467147708,3.107312202,-0.030076504,-0.076812387
-1.180379868,-1.484739423,-0.843520403,0.376214027,-0.608605742,-0.625385523,-0.633551121,-0.474476099,3.057613134,0.246316925,-0.076812387
-0.611141741,-0.861813784,0.117295243,0.802284122,-1.419897676,-0.540028155,-0.550165832,-0.077130109,1.020454407,0.038593236,-0.076812387
-1.140148997,-2.080123186,-1.25417912,0.040906757,-0.98592484,-0.669966936,-0.63392818,-0.503310263,2.507252932,0.002238668,-0.076812387
-1.04834342,-1.620519876,-1.328644872,0.462190747,-1.051430225,-0.623053789,-0.634370685,0.089367121,1.635945916,0.172350615,-0.076812387
-1.18172574,-2.376588345,-1.606345177,0.932811558,0.114363194,-0.625663459,-0.646041512,-0.78423351,2.33655858,0.409409821,-0.076812387
-1.095400691,-1.177760124,-0.47386232,0.406991512,-0.251890808,-0.432765901,-0.606454134,-0.4302724,1.146949053,-0.122405566,-0.076812387
-1.147438765,-1.44898212,-1.152029514,-0.071316279,0.280254722,-0.63542676,-0.617806375,-0.358725429,3.249622583,-0.220165744,-0.076812387
-1.223261952,-2.119598866,-1.159458518,0.144811034,-1.309957862,-0.632194936,-0.645766556,-0.492939532,2.323794842,0.461114109,-0.076812387
-1.312969565,-2.19046092,-1.075569749,0.893637419,-1.19372499,-0.380712718,-0.643783987,-0.458677918,4.686374664,-0.076308429,-0.076812387
-1.145566702,-1.9853127,-1.107723594,0.036510184,-0.676392436,-0.614623427,-0.645594358,-0.531052649,2.269474983,-0.134419471,-0.076812387
-1.121029019,-2.019532204,-1.162782073,0.043240204,-0.364658475,-0.623388588,-0.652444065,-0.628601551,2.328079939,-0.247778714,-0.076812387
-1.081004739,-1.224394679,-0.850739777,0.558912396,-0.445869774,-0.67881161,-0.626110375,-0.030587934,1.745521426,0.099184185,-0.076812387
-1.179862618,-1.704759836,-1.082970619,0.746480405,-0.976145208,-0.613975048,-0.639071882,-0.120928973,2.056921005,-0.0100502,-0.076812387
-1.108890533,-1.928746223,-1.517291665,0.63166815,-1.680281401,-0.649676204,-0.635044992,-0.474376678,1.933326125,-0.54711926,-0.076812387
-1.023340821,-1.7567693,-1.080783606,0.38234061,-1.680281401,-0.502088547,-0.641782582,-0.348388374,2.197288036,0.15004085,-0.076812387
-1.132142901,-1.397387266,-0.906870484,0.643187761,-1.377289414,-0.59768647,-0.600605965,-0.012201163,1.334921241,-0.18283914,-0.076812387
-1.056953669,-1.262226224,-0.849778652,1.267491698,-0.310591787,-0.530454695,-0.609097779,-0.644265175,2.297952414,0.619768322,-0.076812387
-1.116213322,-2.148155689,-0.906870484,0.861775935,0.084201097,-0.49924925,-0.631996691,-0.610570192,3.456614494,0.532587647,-0.076812387
-1.025160193,-0.403395951,-0.898977101,1.077675939,-0.638746619,-0.573976099,-0.650680661,-0.604767323,2.599252701,0.971693814,-0.076812387
-1.151652932,-1.409058332,-1.114884138,-0.227313131,-0.70001334,-0.615154386,-0.639249563,-0.438711792,1.380412936,0.19042702,-0.076812387
-1.052950382,-1.753329158,-1.077554941,0.281426132,-0.525312126,-0.607518435,-0.648491204,-0.453764528,2.275680065,-0.138860255,-0.076812387
-1.294198751,-1.721994758,-1.056844592,0.306919903,-0.638746619,-0.679331899,-0.650680661,-0.938448012,2.255922079,0.099184185,-0.076812387
-1.179348588,-0.510420084,-0.645261407,0.427259177,1.097144723,-0.556918502,-0.509959877,-0.332634807,1.238492727,0.320773929,-0.076812387
-1.02981019,-1.941739559,-1.134199739,0.433651268,-1.013699174,-0.536797225,-0.625752985,0.44048667,3.087437868,0.409409821,-0.076812387
-0.928348243,-1.563917637,-1.077367425,-0.131115079,-0.347116858,-0.561520696,-0.641835332,-0.714140475,4.035274029,-0.102462485,-0.076812387
-1.273414731,-0.876904309,-0.715251923,0.459918618,-1.105641484,-0.606188357,-0.617175698,-0.823230267,1.808502555,-0.569405556,-0.076812387
-0.963060379,-0.933246553,-1.314897299,-0.441012502,-1.35980916,-0.604052067,-0.621299386,-0.530454814,1.777192593,0.293075204,-0.076812387
-1.010078788,-1.474380136,-0.881611645,0.114981182,0.76385361,-0.526308477,-0.651484787,-0.713873088,2.106354237,-0.086951204,-0.076812387
-0.937122524,-1.803401709,-1.101431489,0.55558598,-0.058865052,-0.631924987,-0.642965436,-0.667530656,3.691618204,-0.232002661,-0.076812387
-1.066453934,-1.745615482,-1.019769669,0.7460379,-0.922801554,-0.424917161,-0.647228599,-0.654107392,4.350538254,-0.300348848,-0.076812387
-1.139610529,-1.675845861,-1.318926573,0.244573548,-0.758739114,-0.585747063,-0.646326542,-0.753674924,2.841022253,-0.27251476,-0.076812387
-0.964141428,-1.953694105,-0.98537755,0.119346529,-0.329101115,-0.718183815,-0.643255234,-0.422028244,3.018683672,-0.131388932,-0.076812387
-1.232979059,-1.74823761,-1.276160598,-0.45671308,-1.258393884,-0.723489463,-0.642283201,0.426247537,2.438915253,-0.450582802,-0.076812387
-1.162184954,-1.746654868,-1.158702254,-0.237461507,-0.183464915,-0.646162033,-0.628410876,0.028594766,2.511823416,-0.309496313,-0.076812387
-0.856376231,-1.609737039,-0.955238402,1.275698185,-0.380209595,-0.511260748,-0.637706399,-0.30985713,3.124483347,-0.148336276,-0.076812387
-1.454763651,-1.91065979,-1.020535111,0.754504025,-1.013699174,-0.635691166,-0.638618886,-0.637729764,2.305654287,-0.567800939,-0.076812387
-1.38856554,-2.006721973,-0.721003771,0.659866691,-1.365855813,-0.555202007,-0.64043951,-0.357386649,3.154641151,0.479649603,-0.076812387
-1.155721188,-1.384537339,-0.922335029,-0.311619818,-1.000095367,-0.661653161,-0.624834001,0.508505702,1.454843163,-0.549757242,-0.076812387
-1.363023758,-0.864964247,-1.401861548,-0.07339748,-1.142715096,-0.639606357,-0.629280686,0.011766266,3.150961399,-0.363652468,-0.076812387
-1.274942636,-1.234690189,-0.965662539,-0.366109818,-0.531001627,-0.677232862,-0.631964087,-0.455379277,0.841368556,-0.088020951,-0.076812387
-0.989018559,-1.477885604,-0.97208786,0.680221617,-0.860713005,-0.654998362,-0.639146149,-0.522870004,3.738329172,-0.136027887,-0.076812387
-0.988248289,-1.817717314,-1.296814799,1.058532715,-0.220612183,-0.589066029,-0.643783987,-0.792113125,4.387426853,-0.076308429,-0.076812387
-0.788221478,-1.896594286,-0.66110909,1.312442183,-1.380019069,-0.317262322,-0.628766596,-0.485935807,5.296269417,0.015339414,-0.076812387
-0.669148922,-1.216294885,-0.690366387,1.175214052,0.93843472,-0.466479748,-0.59611547,-0.428815007,2.514732122,-0.122405566,-0.076812387
-1.22514677,-1.763932347,-0.583241999,0.726402164,0.402788222,-0.295368552,-0.560217321,-0.520783782,1.510056019,-0.434016168,-0.076812387
-1.345950484,-1.674081087,-0.780576408,-0.539652467,-0.398392409,-0.677530944,-0.641917825,0.136551008,2.594452858,-0.497403592,-0.076812387
-1.315268397,-1.357556462,-0.954230726,0.076375172,0.194481254,-0.588491797,-0.628567398,-0.616119742,2.654684782,0.002238668,-0.076812387
-0.956047893,-1.772466063,-1.096311569,0.212889612,0.530323088,-0.636425078,-0.631398201,-0.186896414,2.416621208,-0.122405566,-0.076812387
-1.325783491,-1.520111561,-0.841294706,-0.031761527,-1.35980916,-0.725076139,-0.61820662,-0.058485009,2.721792698,-0.691294611,-0.076812387
-1.346368074,-1.489425302,-0.742876709,-0.171404913,-0.685382485,-0.608116269,-0.629977584,-0.6392259,1.742933989,0.041306265,-0.076812387
-1.149612904,-1.554543853,-0.848843455,0.198984563,-0.629363418,-0.639214456,-0.634562075,-0.414730906,2.265177727,0.057261799,-0.076812387
-1.074178934,4.707310677,-0.942115307,-1.152186751,2.582744837,-0.550073683,-0.599721968,0.533936918,2.674082279,-0.640307188,-0.076812387
-1.008820891,-1.496114492,-0.848580897,-0.301237553,-0.142014608,-0.535759866,-0.616350949,3.198825598,2.310412169,-0.020133374,-0.076812387
-1.496769071,-0.969817221,-0.651704967,0.326477647,1.040462613,-0.33139497,-0.595294952,-0.836162865,1.157468081,-0.502273738,-0.076812387
-1.097129703,-0.949608088,-0.965396941,0.131324604,-0.325439364,-0.543996811,-0.632865846,1.599455237,1.994610667,-0.165642589,-0.076812387
-0.995933235,-1.403567672,-0.864214838,0.406635284,-0.576668382,-0.633220315,-0.636701763,-0.390590161,3.676632881,-0.280893594,-0.076812387
-0.954805255,-1.142973661,-1.338151217,-0.032163411,-0.616586268,-0.585383415,-0.631433129,-0.502753377,2.222355366,-0.635126531,-0.076812387
-1.221446633,-1.878651023,-0.867675781,-0.078222908,0.187298253,-0.690795898,-0.6361233,-0.547776341,2.713109016,0.714286745,-0.076812387
-1.159528971,-1.362621903,-0.464841336,0.314227939,-0.489955902,-0.642540991,-0.609517455,0.469508171,2.305176735,0.043786746,-0.076812387
-1.350614548,-1.402893066,-1.059880495,0.150827378,-0.077920154,-0.582440615,-0.627484918,1.971598983,3.449397087,-0.646550536,-0.076812387
-0.766906798,-0.799996078,-1.231626511,-0.184668481,0.17133604,-0.633621991,-0.622281194,-0.501795888,1.618598461,0.062252559,-0.076812387
-1.317219377,-1.359643698,-0.622708857,0.429695189,1.444323063,-0.72147423,-0.650680661,0.242644817,2.336022854,0.87474829,-0.076812387
-1.261160612,-1.639746666,-0.808031678,-0.549689829,-0.231189489,-0.643704355,-0.635821939,-0.274110407,2.261221886,-0.642659783,-0.076812387
-1.146998405,-1.383925319,-0.767689288,0.316455156,0.246912256,-0.657066226,-0.623739958,-0.455467105,4.164007664,-0.122405566,-0.076812387
-1.209048629,-0.388439447,-1.128602624,0.040286679,-0.165321678,-0.598452687,-0.632405221,0.096886821,4.473415852,-0.248938352,-0.076812387
-1.286720753,-1.978633165,-1.244792342,-0.515103102,-0.689415872,-0.701175034,-0.633402944,0.237527624,3.423398256,-0.370346516,-0.076812387
-1.048824668,-1.664181709,-0.742305517,0.071393885,-0.165321678,-0.609946072,-0.612302244,-0.599455535,4.115688801,-0.112333305,-0.076812387
-0.688788772,-0.875634611,-0.579654098,0.152830705,0.592158198,-0.528215528,-0.553820908,-0.596722722,2.085272551,0.028678354,-0.076812387
-1.165289521,-1.435573101,-0.464841336,-0.29769972,-0.489955902,-0.602405429,-0.632492244,0.343320072,1.141973853,-0.17780301,-0.076812387
-1.200978756,-2.102269888,-1.159458518,-0.500532269,-0.569310963,-0.676147819,-0.625752985,0.03535983,2.605997324,-0.335131735,-0.076812387
-1.069102287,-1.14786315,-1.180507541,-0.377211332,-0.569310963,-0.647178888,-0.624323428,-0.396978498,2.481055737,0.228444874,-0.076812387
-1.019445896,0.185390055,-1.01554203,-0.206785262,-0.646820486,-0.624993384,-0.622162461,8.305136681,3.767794132,-0.063143194,-0.076812387
-0.837166727,-1.1638304,-0.459100693,0.143157497,-1.377289414,-0.515955925,-0.612302244,1.685696483,2.055765152,-0.140535638,-0.076812387
-1.194908381,-1.648444891,-1.237847924,-0.236278459,-1.297188163,-0.644939899,-0.631964087,4.331891537,3.422207355,-0.221738905,-0.076812387
-1.023450851,-0.402877092,-1.243654609,-0.175314173,-0.198987454,-0.732087851,-0.642192721,0.408792108,2.553494692,-0.05592864,-0.076812387
-1.310840607,-1.745804906,-1.096311569,-0.39407742,-0.544061601,-0.717217445,-0.623267531,-0.710631192,2.872983217,-0.500115395,-0.076812387
-0.944004416,-1.968954802,-0.817412198,1.0410707,-0.430439621,-0.410557568,-0.641745985,-0.357547373,5.009377003,0.183203638,-0.076812387
-0.901683331,-1.406225681,-1.137494326,-0.055029977,-0.955735445,-0.521552682,-0.635821939,0.188757211,2.045600653,-0.187437341,-0.076812387
-1.022990108,-1.665631652,-0.980542004,-0.328101218,-0.198987454,-0.622205675,-0.626110375,1.318909764,3.570116758,-0.211041465,-0.076812387
-1.219019651,-1.455661178,-0.902013004,-0.008675574,0.456200272,-0.674649417,-0.6501652,0.217764363,2.93128705,-0.139450938,-0.076812387
-0.93011409,-1.166649938,-0.371978074,0.128975958,-0.70001334,-0.675751209,-0.630577683,-0.486415505,2.218022823,-0.630758524,-0.076812387
-1.218326211,-1.690712929,-0.998324752,-0.193942159,-1.392961502,-0.62685585,-0.631964087,-0.293550313,2.60959053,0.072440594,-0.076812387
-1.162030458,-1.347117901,-0.914931774,0.361994624,0.092543803,-0.539953411,-0.619456887,-0.481556684,4.56456852,0.099184185,-0.076812387
-0.829242706,-0.044007331,-1.034804702,-0.046479844,0.48394677,-0.607027113,-0.637365699,-0.067295931,2.602784395,-0.00153843,-0.076812387
-1.450812459,-1.715919018,-0.840716422,-0.226243183,0.700369596,-0.572972715,-0.619728446,-0.340465814,3.43885994,-0.122405566,-0.076812387
-1.181390643,-1.223009467,-0.665763676,0.163992092,-0.165321678,-0.635486841,-0.632405221,0.079549119,2.192284822,-0.367916942,-0.076812387
-0.858968973,-1.4198457,-0.680870593,-0.254005253,-1.387920737,-0.652962148,-0.631283045,-0.555630088,2.513576508,-0.145730808,-0.076812387
-1.107019782,-1.295298696,-0.902796447,-0.023231233,-0.784337461,-0.591271102,-0.636197865,-0.830663681,2.351076841,0.024129592,-0.076812387
-1.288755894,-1.667253017,-1.148934007,-0.30581978,0.402788222,-0.618459642,-0.608241022,-0.6349051,2.604573488,-0.062391676,-0.076812387
-1.017531037,-1.34123981,-1.173111916,-0.234600261,0.346489042,-0.639214456,-0.631664336,-0.367260695,2.969863892,-0.068505354,-0.076812387
-0.769049168,-1.390757799,-0.89039731,0.058848556,-1.680281401,-0.61927402,-0.621837258,-0.577279985,3.700916052,0.368945628,-0.076812387
-1.016616821,-1.882164478,-0.657362759,-0.084280789,-0.867376208,-0.613434553,-0.643325925,-0.355496705,3.272598982,-0.203474984,-0.076812387
-0.905025184,-0.350043476,-0.79401195,-0.148843482,0.447108835,-0.578210294,-0.622878671,0.202913493,1.845044255,0.033178728,-0.076812387
-1.004562497,-1.681121826,-1.369948626,0.079330876,0.911983013,-0.652173519,-0.635044992,-0.381562412,2.43462038,-0.10763292,-0.076812387
-0.826334357,-1.553302169,-0.760206401,0.454668313,-1.142715096,-0.675857782,-0.60852927,-0.061260045,3.816483259,-0.025906805,-0.076812387
-0.960968792,-1.335562468,-0.805219173,1.008119822,-0.948666692,-0.539976716,-0.626066744,-0.528585255,3.24310708,-0.339671612,-0.076812387
-1.000356078,-1.281225562,-1.183868289,0.580183744,-0.139860168,-0.642226219,-0.642402947,-0.592349887,3.680557251,-0.357030004,-0.076812387
-0.93759197,-2.24785018,-0.867675781,0.576578677,-0.243681669,-0.506726027,-0.643055379,0.261737257,2.776757479,0.5538252,-0.076812387
-0.989139795,-1.233822107,-0.99554497,-0.350856721,1.156238914,-0.678634524,-0.643409371,-0.053807598,2.306828022,-0.164837644,-0.076812387
-1.272515893,-1.005764008,-0.197680876,0.220085233,-1.25298512,-0.527691603,-0.629546762,-0.505618215,2.438716173,-0.676379919,-0.076812387
-1.216449499,-1.366012454,-1.031434417,-0.414361596,-0.082310185,-0.616663635,-0.611300886,-0.456548274,3.580328465,-0.40015161,-0.076812387
-0.949597299,-1.564617515,-1.182421088,1.183399081,-0.922801554,-0.630378723,-0.637887836,-0.824539602,2.569676638,0.821868956,-0.076812387
-0.937386096,-0.978314221,-0.290179372,0.380570561,-0.616586268,-0.602120817,-0.639987588,-0.235830486,2.861086845,0.849996269,-0.076812387
-1.030000925,-1.996562719,-0.802351236,0.712054849,0.043638282,-0.644939899,-0.630115569,-0.592794895,3.29955411,0.366620094,-0.076812387
-0.880828798,-1.923251629,-1.05120647,0.875486434,-0.093180738,-0.600800037,-0.64780879,-0.685765266,3.215440035,0.077025212,-0.076812387
-1.157598615,-1.968810916,-0.442606479,1.076186895,-0.154652953,-0.338566065,-0.625481129,-0.488638431,4.52812624,0.448734224,-0.076812387
-1.132801294,-1.394687653,-0.761584818,0.937848508,0.324477345,-0.625923455,-0.652645588,-0.068021007,3.367775679,0.682315111,-0.076812387
-1.195825934,-2.216699362,-0.589666843,-0.067195781,-1.29273355,-0.759151876,-0.644603014,-0.810110867,2.801725149,0.117220558,-0.076812387
-0.48518768,-1.959490895,-1.003448248,1.563761711,-1.0267694,-0.522606552,-0.651863158,-0.741900146,2.785488605,-0.083301492,-0.076812387
-1.053039789,-1.407660127,-0.970778286,0.408287585,-0.174447939,-0.571296394,-0.637843788,-0.418725133,3.652965546,-0.176468119,-0.076812387
-0.761789918,-0.791349471,-1.096311569,-0.01219843,-0.489955902,-0.527485788,-0.613346577,-0.848948538,2.499209642,0.334623307,-0.076812387
-0.911614358,-0.900789022,-0.729651392,0.422984362,0.738767207,-0.563478291,-0.611123204,-0.209935799,1.968660235,0.199256971,-0.076812387
-0.816449881,-1.913226724,-1.15430367,-0.221417561,-0.66000241,-0.657066226,-0.624834001,-0.355409533,2.216760159,-0.502273738,-0.076812387
-0.91062206,-0.815651178,-0.333285034,-0.096647047,0.402788222,-0.605973065,-0.599306405,0.00559261,1.930488467,-0.4824889,-0.076812387
-1.015888453,-0.973078787,-0.396203279,0.795500338,-0.955735445,-0.580185473,-0.600860238,-0.306128383,1.751241684,0.014883735,-0.076812387
-0.980963588,-1.421832681,-0.882726014,0.833529592,0.198565707,-0.401412964,-0.617175698,2.572360992,4.494032383,0.361507356,-0.076812387
-0.825707376,0.512557626,-0.834318578,0.436298341,-1.325716376,-0.549517632,-0.609191537,-0.725172639,2.194197893,0.825244188,-0.076812387
-1.084097981,-0.474750698,-0.809947133,-0.067195781,1.032553434,-0.570981503,-0.607202113,-0.938448012,1.890082598,-0.31565243,-0.076812387
-1.271069527,-1.212252498,-1.037111163,-0.412679762,-0.378362894,-0.561099291,-0.6381163,-0.460073233,2.587208509,-0.761207283,-0.076812387
-1.11135757,-1.529756308,-0.822674453,-0.000700427,-0.013825706,-0.514820755,-0.620749533,-0.103898771,3.077284098,0.667931199,-0.076812387
-0.830521226,-1.293325424,-0.612184346,0.737770259,0.17133604,-0.362484097,-0.538550794,0.529180288,1.984508157,0.254297018,-0.076812387
-1.008265853,-1.955769777,-0.752819479,1.193293095,-0.398392409,-0.623193622,-0.653110683,-0.528568029,3.03400588,0.900316358,-0.076812387
-1.397600174,-1.869510055,-1.030227423,-0.272773027,-0.905185759,-0.570981503,-0.614682317,-0.72802633,2.795245886,-0.153325066,-0.076812387
-0.882405341,-1.416772604,-0.279755235,-0.182652473,-0.243681669,-0.59585458,-0.598690212,0.146808699,2.653784037,0.192786753,-0.076812387
-0.983104885,-1.073246956,-0.460990906,1.081585407,0.35198164,-0.444865286,-0.623713255,-0.600326121,3.86566782,0.661941051,-0.076812387
-0.799799621,-0.561843038,-0.938443959,0.436516047,0.402788222,-0.524810076,-0.509959877,-0.467314988,1.376554728,0.099184185,-0.076812387
-0.807689846,-1.729890227,-1.018101931,1.26675117,0.154348716,-0.534776449,-0.629471123,-0.252994508,4.151406765,0.255720049,-0.076812387
-1.024708033,-1.075732827,-0.82991004,-0.041796047,0.402788222,-0.504909515,-0.630577683,-0.437543154,3.939344645,0.474848062,-0.076812387
-0.840855002,-1.729074597,-0.725665987,-0.126204059,-0.351947159,-0.653476477,-0.636987329,0.156169355,3.097863674,-0.018836444,-0.076812387
-1.095514774,-0.861335695,-1.154780984,0.208270192,0.582806587,-0.506773829,-0.629088581,-0.748864949,2.788422585,0.156633377,-0.076812387
-0.937196016,-1.803100467,-0.523582757,0.085083656,0.451231688,-0.610183656,-0.625902593,-0.064495154,2.859067202,-0.180379629,-0.076812387
-1.361934543,-2.037397146,-1.070000291,0.446747303,1.097144723,-0.568513215,-0.630577683,-0.584209561,2.772514105,0.454651088,-0.076812387
-1.182761788,-1.486209154,-0.9299106,0.994258761,0.233890682,-0.613397539,-0.629491031,-0.656576633,3.77407217,0.481725961,-0.076812387
-0.717420101,-0.475443035,-0.47572875,0.100530393,0.043638282,-0.644939899,-0.548779428,-0.32449621,1.059133768,-0.007790178,-0.076812387
-0.680493176,-1.598108411,-0.286881566,0.211614028,-0.771305561,-0.585426927,-0.635694802,-0.457382679,2.491918564,0.070981853,-0.076812387
-1.041942596,-1.338702798,-1.127884984,1.179306626,0.402788222,-0.625951648,-0.614495277,-0.587117136,3.878601551,-0.133485049,-0.076812387
-1.063888669,-0.837678671,-0.634852529,0.304034144,1.310792923,-0.418193609,-0.633670449,0.20783937,2.915927649,0.218501747,-0.076812387
-0.722551346,-0.955620766,-0.584988296,0.298982352,0.531827927,-0.525141597,-0.601045907,1.501046896,3.108799934,0.215861976,-0.076812387
-0.861377954,-1.687952757,-0.906870484,0.199708536,-0.468313634,-0.671243966,-0.644466996,-0.665067792,2.183419704,0.197892353,-0.076812387
-0.84844327,-0.664161742,-0.573228002,0.058264293,-1.182832003,-0.60476166,-0.62037617,-0.265198231,1.867685318,0.006579512,-0.076812387
-0.81689167,1.48891592,-0.507196069,0.725237608,0.961660564,0.018357607,-0.494269758,-0.175824448,3.704107046,10.13895607,-0.076812387
-0.682376742,1.204920411,0.561297715,0.79461062,1.652629972,-0.43116048,-0.513980508,-0.061328419,1.663176298,0.525744438,-0.076812387
-1.376173735,-1.914071321,-0.561494946,1.612694979,-0.319909394,-0.572972715,-0.618269742,-0.536968529,4.660011768,0.162495539,-0.076812387
-0.954916656,-1.543112993,-0.648045659,0.66703552,-0.034399234,-0.456827402,-0.619822979,-0.092245229,3.936347485,0.300256371,-0.076812387
-0.847226918,-1.942237258,-0.94353646,-0.43512255,0.201200843,-0.596104622,-0.629280686,-0.655848086,2.941104174,-0.476234376,-0.076812387
-0.736624539,-0.837497771,-0.837982833,0.055567153,-0.165321678,-0.636216581,-0.637365699,-0.524434626,3.023234367,0.270412624,-0.076812387
-0.654471695,-0.62417531,-0.527988374,0.069816664,0.285281718,-0.633731782,-0.57593888,0.010557272,1.720041513,0.683840215,-0.076812387
-0.481720358,-1.979947686,-0.901085973,0.921603441,0.227873981,-0.677794933,-0.632726073,-0.725890338,3.548461199,0.537289083,-0.076812387
-1.159365058,-2.066678524,-0.745100558,0.812774003,0.192140728,-0.618670106,-0.641871452,0.186922699,3.93827343,0.012042147,-0.076812387
-0.996221542,-1.857653379,-1.096311569,-0.013952363,-0.728021026,-0.651103258,-0.634023905,-0.459454447,3.338427067,0.309694439,-0.076812387
-1.25916934,-1.461533546,-0.649020135,0.626363039,-0.060116142,-0.687136054,-0.628343999,-0.242412537,2.983794451,0.099184185,-0.076812387
-1.164986014,-1.5914253,-0.757311761,0.58460027,-0.364658475,-0.547680259,-0.629308045,-0.334690511,4.339752674,0.43390134,-0.076812387
-1.022151947,-1.725841761,-0.938920915,0.328052163,0.081831872,-0.551179051,-0.623168111,-0.209759772,4.282410145,0.206966504,-0.076812387
-1.089413524,-0.912295461,0.695390046,0.728785336,-0.274836838,-0.54421699,-0.546774983,-0.373207718,2.233557701,0.510326624,-0.076812387
-0.556924045,-0.389447421,0.220534846,0.305006742,-0.054470968,-0.169398412,-0.527611256,-0.597458601,2.831577539,-0.1467264,-0.076812387
-0.996714771,-1.798556089,-0.486247092,0.736691236,0.155644372,-0.523540258,-0.623081684,-0.398827136,3.995531797,0.894466043,-0.076812387
-1.061350822,-1.18322134,-1.01322329,-0.150615528,-0.218478158,-0.597758174,-0.59178251,-0.625171423,2.601559162,-0.186549962,-0.076812387
-0.849848688,1.829371214,-0.396203279,0.582867742,0.04051524,-0.591179132,-0.606978536,-0.261063129,3.229699373,1.127649665,-0.076812387
-1.107548833,-1.139561415,-1.171090841,-0.061585486,0.512423456,-0.667748928,-0.641158164,-0.253249466,3.18982029,0.293075204,-0.076812387
-1.046158433,-0.181432262,-1.001590967,0.022490462,0.402788222,-0.605348706,-0.623876691,-0.621978343,3.456737518,0.23490791,-0.076812387
-1.043305635,-1.131439805,-0.683427155,0.406871587,0.028903928,-0.490231752,-0.617175698,-0.142664701,3.294196367,0.24833113,-0.076812387
-0.610252082,-2.046600342,-0.469698787,0.7262972,-0.398392409,-0.580711663,-0.63119626,-0.197559029,2.6181705,0.624181449,-0.076812387
-1.206825972,-1.601276278,-1.040593505,-0.045958769,1.423900723,-0.427855194,-0.614022315,0.726788402,3.272785664,-0.471083552,-0.076812387
-1.179067373,-1.304000139,-0.724195182,-0.170052379,0.700369596,-0.631838202,-0.62196213,-0.759449065,2.487766743,-0.122405566,-0.076812387
-0.913518906,-1.385811567,-0.735471427,-0.208054259,-0.489955902,-0.583675504,-0.609517455,-0.699782729,2.302523136,-0.399392754,-0.076812387
-0.925992608,-1.886202693,-0.929157615,0.75809902,-0.373257339,-0.742958546,-0.648709774,-0.301083237,3.865517855,0.829126894,-0.076812387
-1.290348172,-1.468307495,-0.382264465,0.640669286,-0.654770195,-0.511555076,-0.638618886,-0.465058744,3.714613676,1.196905732,-0.076812387
2.327306271,0.471781403,-0.101745978,0.052843243,1.236016035,-0.494373947,-0.022462994,0.06875357,-0.275959462,-0.201346919,1.789447069
0.728142321,-1.640808702,-0.433267832,-0.238338828,0.152819857,-0.131107152,-0.577505827,-0.464197665,4.900084019,0.374509454,0.713675261
0.633705795,-0.479674101,-0.474206358,-0.409905165,0.720544577,0.165498585,-0.487471819,-0.23189874,5.73956871,0.5592646,0.997934341
0.819129884,-0.757334054,-0.197680876,6.637979984,2.592681885,-0.037832152,0.182819203,-0.078558512,-0.275959462,-0.139450938,2.185035467
2.109785795,-0.564653397,-0.491152585,-0.696881831,0.865692556,-0.184549853,0.542095244,2.190566778,-0.275959462,0.196129695,12.61266518
1.819956541,2.107928753,-0.564952433,-0.36776197,-0.054470968,1.634155869,0.53343302,0.791562855,-0.244021073,1.83947444,0.674131453
-0.5257231,-1.728427649,-0.868982255,0.404185206,1.319338799,-0.330018908,-0.603237629,-0.152518898,3.155976295,0.87474829,12.79579544
1.520120025,0.798570693,-0.510766447,-0.944706023,0.743654132,1.020578623,1.112897635,0.642414093,0.988683224,0.3882581,1.793612123
-0.690273404,-2.279989004,-0.542750001,-0.19317241,-0.5981673,-0.110805869,-0.593504667,-0.398326039,3.859792233,0.361062974,18.8813076
-0.207307398,-1.278455377,-0.954603612,-0.666930974,0.419190347,-0.207728744,-0.54541707,-0.393560678,3.272497416,-0.096233547,2.076203108
-0.087301262,-1.322454095,-0.281274408,0.342055202,0.838779509,0.179086462,-0.472559035,-0.240538314,2.739847422,0.87474829,13.79174042
-0.92936337,-1.039163351,-0.829151034,-0.279410839,1.738089204,-0.256828129,-0.514083564,-0.673662663,2.560162306,0.099184185,0.56226927
-0.669087887,-1.804618001,-1.065756559,-0.96318835,2.799438238,-0.434181422,-0.573943496,-0.537178218,2.358865976,-0.451216161,0.438171834
2.164094925,1.105457544,0.207811683,-0.580531955,1.217902422,0.590841651,0.606483042,0.352178842,-0.275959462,0.470106155,0.719996572
-1.145026088,-1.924882412,-0.877725661,0.14201273,-0.398392409,-0.165771917,-0.63119626,-0.398697346,3.083666086,0.588386178,2.641164303
1.680102468,1.028986573,1.450071454,-0.884115636,-0.5981673,-0.268429101,-0.163249016,1.230699301,-0.275959462,-0.092188783,5.870211124
-0.299601376,-1.143332839,-0.433602512,-0.079928331,0.056836724,0.169057354,-0.490638316,-0.403900713,5.411110878,-0.173496485,6.159414291
0.505471945,1.848718047,1.113834143,-1.205414057,-0.137266874,0.848717391,1.637334585,-0.443327308,-0.275959462,-0.030076504,17.80633545
-1.051355243,-1.544678569,-0.548607767,-0.447479993,-0.20654507,-0.111222856,-0.550439358,-0.46131289,3.271882534,-0.375651002,0.769286692
-0.292476416,-0.276008964,0.08585941,-0.580504358,0.451231688,0.543230951,-0.208882928,-0.188921079,4.678141117,-0.009034066,5.762129784
0.645668328,1.66076231,-0.2179939,-0.717013657,-0.468313634,-0.103216603,0.025144482,-0.348978579,0.058880843,0.282499343,0.567395568
-0.238291621,-0.79897505,0.729460955,-0.461908489,0.734871805,0.380740851,-0.395751745,-0.604134619,3.933496237,0.621846974,18.3772831
-0.410555214,-1.611562371,0.135055348,-0.189345643,0.105206847,-0.034621309,-0.511108637,-0.618972301,4.553173065,0.409409821,16.13263512
-0.658318877,-0.532027006,1.034900308,-0.670685828,0.04051524,0.249224231,-0.442658663,-0.317483246,3.853849649,1.039134145,1.378692031
0.658214092,-0.830578685,0.364632219,-1.248522878,-1.115381122,-0.319733322,0.73029083,0.343567848,-0.275959462,-0.66323477,5.017363071
-1.037257195,-1.545158625,-0.644042313,-0.505959451,0.721816897,-0.175522372,-0.528795123,-0.800551534,3.453166962,-0.36196205,0.414098501
0.190946817,0.102714635,3.227222204,-0.894539773,0.738767207,1.33247292,1.66116035,-0.351377964,-0.275959462,0.668348193,0.557721734
-0.603455663,-0.211648926,-0.324514627,-0.438447416,-1.371678472,0.25768435,-0.447417319,-0.409622014,2.508607149,0.702400744,1.235463142
0.51636523,0.149197146,1.776616931,-1.083377838,0.110125542,0.62715739,0.207765803,-0.506279409,-0.275959462,0.374797881,6.63385582
0.236048132,1.25808847,1.402021885,-0.468436748,-0.338169426,1.822086573,1.061579227,-0.311440021,-0.275959462,0.01590213,1.231879473
2.396154165,-0.365457147,-0.732001781,-1.190256596,-0.398392409,-0.533454657,-0.481094092,-0.370889038,-0.275959462,0.337819308,15.84383965
0.377367109,0.112214066,0.804289937,-1.005157471,-0.155419976,0.831823707,1.259101033,0.006240461,-0.275959462,0.783505499,13.13750935
2.615600824,1.230864286,1.664691091,-1.127562881,-0.262021244,-0.02348583,0.153865665,2.133826256,-0.275959462,1.072764635,12.81160069
-0.677617788,-2.272472143,-0.016165148,-0.119024217,-0.218478158,-0.057547856,-0.54381752,-0.570702553,2.854264736,0.711471677,19.67305374
-0.706777513,-1.771746039,-0.197680876,-0.280110419,0.384984195,0.08223144,-0.557382286,-0.577053845,5.040161133,0.059411664,3.958173752
2.60969758,1.219361544,0.767544031,-1.118967772,-0.873931885,0.542191148,1.295415998,0.662041008,-0.275959462,0.837221026,17.6349659
3.279212475,0.928966165,0.300816268,-1.182071567,0.402788222,0.90896529,2.521567106,0.519180417,-0.275959462,1.485505104,0.973913014
0.071567617,0.101067513,1.190842628,-0.68717736,0.758434236,0.093734115,0.203940526,-0.498974562,-0.275959462,0.13701658,2.396534443
0.927263916,1.02898705,0.732014954,-0.62682271,0.451231688,-0.215548605,-0.356616348,-0.53765136,-0.275959462,0.71242094,0.556805193
1.183668733,0.280344188,-0.231471911,-1.157042027,2.908509731,-0.200701028,1.10060811,2.07015419,-0.275959462,-0.238017604,0.953727186
1.501652002,-0.202547625,-0.19475469,-1.156727672,0.528274357,-0.148857698,1.264913917,-0.135306656,-0.275959462,-0.022289716,18.37049866
-0.700792313,-0.886940181,-0.713398755,-0.288162947,0.447108835,0.277786911,-0.468898505,-0.61209482,2.952969313,1.765821934,14.96400261
0.308993936,-0.34924373,0.317210197,-0.847745001,0.114363194,0.304493159,0.962195694,-0.019548919,-0.275959462,0.015661893,0.998348534
1.716124415,-0.423061013,0.394659758,-0.744627774,1.097144723,0.376307189,0.711109102,-0.316406071,-0.275959462,0.293075204,0.540862143
-0.667188704,-0.545993149,-0.050052095,-0.707714915,0.824848056,0.189864919,-0.203028351,-0.2542153,4.15032053,0.555398405,2.473740101
1.109261751,-0.065317251,-0.716416359,-1.185879588,0.280254722,1.22298193,1.038075924,-0.077765539,-0.275959462,-0.469009846,2.081872463
1.092727423,0.297946066,-0.687713146,-1.116430998,1.914034843,3.234395027,2.143631458,1.258060336,-0.275959462,0.50977695,0.579591572
2.100971699,1.39087534,-0.636240363,-1.29471302,0.065529324,2.933268309,2.807603598,2.660406351,-0.275959462,-0.05592864,0.993694127
-0.658291698,-0.603332996,-0.597246349,-0.417520344,-0.067582339,0.182093352,-0.387180477,-0.561202943,4.218971729,0.649584532,16.43421173
0.127037108,-0.938359916,-1.205007195,-1.353957057,-0.041144654,-0.667894363,-0.602235794,-0.319245845,-0.275959462,-0.765379131,26.89434433
0.55184418,-0.775953948,-0.864772439,-1.226634502,-0.939634442,-0.642184258,-0.5349769,-0.218196675,-0.275959462,-0.004224366,2.274423361
-0.96045655,-1.770655751,0.333432287,-0.580241024,0.520697832,0.013056687,-0.520580351,-0.50188297,3.5297153,0.589399219,14.31015015
1.042780757,0.812415898,0.395032972,-0.909876168,0.801673889,0.937717736,0.523418069,-0.261683822,-0.275959462,0.181691006,14.8028326
0.368882269,0.361261517,0.237923875,-0.826771319,-0.336365521,1.946331024,1.918824077,-0.18550317,-0.275959462,-0.013397706,1.598199964
4.654222488,0.052809924,0.588716805,-1.155793428,-0.2769503,1.31308794,4.020190239,2.804817438,-0.275959462,0.140003353,1.458764315
0.945750713,-0.655682087,-0.206080988,-1.365034461,-0.176712349,-0.142607048,0.486421645,3.432132006,-0.275959462,-0.262356997,23.78176498
3.104923725,1.159974933,0.273613483,-0.723507583,1.349638104,2.887750387,4.429056168,-0.318768144,-0.275959462,0.470942199,5.769526482
0.659590721,2.276887655,0.126900598,-0.68614614,0.968389928,3.303784132,3.381761074,-0.046649538,-0.275959462,0.320040196,7.248975277
0.766897142,0.405985415,-0.642720282,-0.923955262,0.197415158,1.271151781,1.430117726,-0.386822432,-0.275959462,0.39957875,3.443960905
-1.038895845,-1.080612421,-0.34080255,-0.562738419,0.402788222,0.018357607,-0.433377177,-0.403774053,4.337713718,0.320773929,12.86817169
-0.923465967,-1.929453015,-0.392673314,-0.495699227,0.819402158,0.231878698,-0.49272877,-0.679505467,4.513968468,-0.554505587,8.512257576
0.59473896,1.271963477,-0.297687471,-1.101986766,-0.209879324,0.865611017,0.265778035,-0.537795603,-0.119445384,-0.083301492,1.087466121
-0.621935606,-0.417266488,0.349025607,-0.994598746,1.440173507,0.180658713,-0.261355907,-0.482640564,4.570436954,-0.033681385,2.327794075
3.467577934,0.402798057,0.09170866,-0.905861855,0.296869427,0.171688989,1.990985274,0.920682132,-0.275959462,0.519829154,0.471950412
-0.84968251,-0.401808172,-0.51874733,-1.294066668,0.35198164,0.115661822,0.929608524,0.113091692,-0.275959462,-0.430469364,7.253829956
0.796940863,0.235757187,-0.329526305,-1.443602443,0.700369596,-0.444538981,0.623464406,1.399879098,-0.275959462,-0.17780301,8.993403435
2.92985177,-0.204162583,-0.842183292,-1.481723189,0.758434236,0.499396771,2.404479742,8.203917503,-0.275959462,-0.203474984,1.609831333
-0.390137553,-1.518030643,-0.385907561,-1.236762404,0.024048287,-0.778515339,-0.195622623,0.059649698,-0.275959462,-1.00246942,12.65740204
-0.689698696,-1.78641355,-1.069248557,-1.026556253,1.38055563,-0.334147125,-0.471230924,-0.502167881,4.89006567,-0.312339634,4.932958603
-0.326852381,1.71559608,-0.445107877,-0.900857687,0.849160254,-0.035825375,-0.488420993,-0.529494047,3.619998693,1.124036789,9.757375717
0.064995877,0.095333159,1.054100513,-1.086284757,0.796882451,-0.523797631,0.139854863,1.294901252,-0.275959462,-0.32003966,1.333180547
-0.772499502,0.006729797,-0.149106234,1.406107783,-0.905185759,-0.712109268,-0.506219804,0.10806755,-0.275959462,0.063111432,1.520017505
0.62098074,1.597990036,0.816671669,1.367963195,6.815375328,-0.55345583,-0.323908925,11.98278522,-0.275959462,2.699604988,1.111422539
-0.047647424,-0.806241453,-0.832336247,1.383328199,0.232044801,-0.281014055,-0.343863249,1.680997849,-0.275959462,-0.383954138,1.365281224
-0.46109575,-0.565718651,-0.942710638,-0.090809382,-0.103904396,-0.353709728,-0.379562289,0.348243296,-0.275959462,0.057261799,0.580303788
0.609190404,2.044176817,4.280078888,0.271518737,-0.037296914,-0.45569402,-0.478248179,0.561526358,-0.275959462,-0.042820517,0.601185977
-1.071113825,-1.504546642,-1.211124301,-0.376715273,0.339664906,-0.674649417,-0.634232759,0.00684045,3.410576582,-0.535368264,1.781764627
-1.056840301,-1.116643548,-0.74110955,0.221659273,-0.192374527,-0.631838202,-0.611910641,-0.125395119,3.636043787,-0.350919992,3.933223724