ZScoreNorm_Cell_CD107a,ZScoreNorm_Cell_CD3,ZScoreNorm_Cell_CD45,ZScoreNorm_Cell_CD68,ZScoreNorm_Cell_CD86,ZScoreNorm_Cell_FerritinHC,ZScoreNorm_Cell_HLADR,ZScoreNorm_Cell_Mac2,ZScoreNorm_Cell_MerTK,ZScoreNorm_Cell_PLP,ZScoreNorm_Cell_S100B,ZScoreNorm_Cell_TIM3,ZScoreNorm_Cell_Vimentin,Phenograph3894194161,,,,,,,,,,,,,,,,,,,,,,,,,,,,,,,,,,,,,,,,,,,
-0.637287737,-0.075558184,-0.553782695,0.973536702,-0.571759098,0.936045886,1.533231213,-1.317828702,-0.485432405,0.605059426,-0.724650412,-1.504886806,-0.146125298,5,,,,,,,,,,,,,,,,,,,,,,,,,,,,,,,,,,,,,,,,,,,
-0.781728247,-0.075558184,-0.616707011,-1.750323402,0.620045579,-0.604234434,-1.4049663,-1.464606336,-1.19947533,0.389439828,1.554490581,-2.093782067,-0.146125298,10,,,,,,,,,,,,,,,,,,,,,,,,,,,,,,,,,,,,,,,,,,,
-0.421394094,-0.075558184,-0.616707011,0.54438867,-0.452480241,0.15376032,-0.463436183,-1.347582069,-0.683880902,0.11956566,-0.766046861,-1.403929802,-0.146125298,5,,,,,,,,,,,,,,,,,,,,,,,,,,,,,,,,,,,,,,,,,,,
-0.772711772,-0.075558184,-0.616707011,-1.750323402,-0.764076439,0.34755344,-1.261116901,-1.526614,-0.97259127,1.450035257,1.459239014,-1.555685468,-0.146125298,10,,,,,,,,,,,,,,,,,,,,,,,,,,,,,,,,,,,,,,,,,,,
-0.508514958,-0.075558184,-0.445828166,0.108522608,-0.825819576,1.476314579,-0.88005431,-1.469343032,-0.618768313,1.225198847,-0.219762312,-1.552699534,-0.146125298,9,,,,,,,,,,,,,,,,,,,,,,,,,,,,,,,,,,,,,,,,,,,
-0.724844896,-0.075558184,-0.616707011,-1.708630254,1.299872654,-0.819006011,0.393606821,-1.156999691,-0.996421332,3.084442853,3.028775361,-1.329738143,-0.146125298,10,,,,,,,,,,,,,,,,,,,,,,,,,,,,,,,,,,,,,,,,,,,
0.310257073,-0.075558184,-0.616707011,-0.084363676,1.014484496,1.198270695,-0.723341455,-0.600632889,-0.321461354,0.121541279,-0.766046861,3.703580174,-0.146125298,2,,,,,,,,,,,,,,,,,,,,,,,,,,,,,,,,,,,,,,,,,,,
-0.790985161,-0.075558184,-0.616707011,-1.749843196,-0.611918639,2.05510825,3.65853255,-1.39134543,-0.982978733,-0.602413305,2.620725807,-0.950536332,-0.146125298,6,,,,,,,,,,,,,,,,,,,,,,,,,,,,,,,,,,,,,,,,,,,
-0.808131898,-0.069656635,-0.616707011,-1.750323402,-1.27965753,-1.197161691,0.1707977,-1.296645637,-1.254737224,0.418868963,3.214386003,-2.105742789,-0.146125298,10,,,,,,,,,,,,,,,,,,,,,,,,,,,,,,,,,,,,,,,,,,,
-0.805903671,-0.075558184,-0.616707011,-1.745049715,-0.956301379,1.645168685,-0.487728785,-1.76504823,-1.174775817,0.784988613,2.677826624,-2.007841071,-0.146125298,10,,,,,,,,,,,,,,,,,,,,,,,,,,,,,,,,,,,,,,,,,,,
-0.738995909,-0.075558184,-0.616707011,-1.728714148,0.167280056,-1.101670618,0.322403654,-1.092120583,-1.075360851,0.195858179,3.006850605,-1.561784395,-0.146125298,10,,,,,,,,,,,,,,,,,,,,,,,,,,,,,,,,,,,,,,,,,,,
-0.371511771,-0.075558184,0.22123898,1.887658013,0.440227838,0.131884016,-0.157349396,-1.538164447,-0.885519889,5.145540236,-0.766046861,-0.337424709,-0.146125298,9,,,,,,,,,,,,,,,,,,,,,,,,,,,,,,,,,,,,,,,,,,,
-0.356665841,-0.075558184,-0.612268599,1.142229556,-0.006126202,-0.564077617,1.081573314,-1.302205312,-0.766696915,-0.359851202,-0.766046861,-1.35093576,-0.146125298,2,,,,,,,,,,,,,,,,,,,,,,,,,,,,,,,,,,,,,,,,,,,
-0.805903671,-0.075558184,-0.616707011,-1.750323402,-1.27079598,-0.132226783,-1.458218241,-1.514341649,-1.118664968,-0.486496608,2.40638471,-2.308140642,-0.146125298,10,,,,,,,,,,,,,,,,,,,,,,,,,,,,,,,,,,,,,,,,,,,
-0.125393251,-0.075558184,-0.616707011,2.073672582,1.289567222,-0.357602239,0.360745556,-1.302205312,-0.638708532,-0.04246075,-0.761185645,-0.490986989,-0.146125298,2,,,,,,,,,,,,,,,,,,,,,,,,,,,,,,,,,,,,,,,,,,,
-0.24243032,-0.018095731,-0.616707011,1.058026581,-0.080083499,1.494483532,2.946478025,-1.407765978,-0.673268324,-0.236115069,-0.161027381,-1.208688595,-0.146125298,5,,,,,,,,,,,,,,,,,,,,,,,,,,,,,,,,,,,,,,,,,,,
1.055982235,-0.075558184,-0.616707011,1.146415368,-0.28716393,0.077337449,-0.833507214,-0.89427596,1.348742617,0.626272851,-0.766046861,-0.724887502,-0.146125298,1,,,,,,,,,,,,,,,,,,,,,,,,,,,,,,,,,,,,,,,,,,,
-0.725738844,-0.075558184,-0.616038863,-1.731502439,0.196341839,0.621578684,0.197009143,-1.45482735,-1.292592146,1.828022852,2.95802473,-1.413901799,-0.146125298,10,,,,,,,,,,,,,,,,,,,,,,,,,,,,,,,,,,,,,,,,,,,
-0.691590013,-0.075558184,-0.616707011,-1.750323402,0.065510866,1.958150309,3.957817409,-1.411109528,-0.969536134,0.351591129,2.343576593,-0.662013215,-0.146125298,6,,,,,,,,,,,,,,,,,,,,,,,,,,,,,,,,,,,,,,,,,,,
-0.286120846,-0.075558184,-0.433288317,1.908149283,0.254595546,-0.425478532,-0.22004187,-1.607049644,-0.366238763,1.998553822,-0.766046861,-1.258675049,-0.146125298,9,,,,,,,,,,,,,,,,,,,,,,,,,,,,,,,,,,,,,,,,,,,
-0.78413264,-0.075558184,-0.616707011,-1.746830997,-0.514265125,-1.183444126,0.631055965,-1.657519067,-1.024528585,-0.038583634,2.71481167,-1.906034967,-0.146125298,10,,,,,,,,,,,,,,,,,,,,,,,,,,,,,,,,,,,,,,,,,,,
-0.776530195,-0.075558184,-0.616707011,-1.724288157,-0.151724061,-0.960174066,0.030728028,-1.450909864,-0.985732037,1.54804923,2.455376899,-1.790530915,-0.146125298,10,,,,,,,,,,,,,,,,,,,,,,,,,,,,,,,,,,,,,,,,,,,
-0.739222006,-0.075558184,-0.616707011,-1.749835975,-0.439304655,1.601050558,-0.431216521,-1.56204695,-0.898785612,-0.635690188,3.211128572,-1.753969395,-0.146125298,10,,,,,,,,,,,,,,,,,,,,,,,,,,,,,,,,,,,,,,,,,,,
-0.77204258,-0.075558184,-0.610881596,-1.746384215,-0.486232321,-0.680172502,0.782166993,-1.379345798,-1.13651842,0.320955315,2.913165211,-1.5855448,-0.146125298,10,,,,,,,,,,,,,,,,,,,,,,,,,,,,,,,,,,,,,,,,,,,
-0.399812587,-0.075558184,-0.616707011,1.322630879,-0.256365275,0.535380295,-0.37119085,-1.03168525,-0.923499836,1.157018192,-0.226840853,-1.924795899,-0.146125298,9,,,,,,,,,,,,,,,,,,,,,,,,,,,,,,,,,,,,,,,,,,,
-0.729658102,-0.075558184,-0.616707011,-1.748333076,0.008665258,2.692818868,1.759720482,-1.464606336,-0.94388907,-0.405221118,2.002941182,-1.49910989,-0.146125298,10,,,,,,,,,,,,,,,,,,,,,,,,,,,,,,,,,,,,,,,,,,,
-0.607306087,-0.075558184,-0.518143665,0.902026201,1.069569931,0.229028218,0.02208079,-1.025563568,-0.37620762,2.519624753,-0.010286481,-0.96261735,-0.146125298,9,,,,,,,,,,,,,,,,,,,,,,,,,,,,,,,,,,,,,,,,,,,
-0.777739437,-0.075558184,-0.616707011,-1.743746673,-0.938845619,0.256906567,-0.383587456,-1.700205502,-1.117112494,-0.070236919,2.809062787,-2.039666298,-0.146125298,10,,,,,,,,,,,,,,,,,,,,,,,,,,,,,,,,,,,,,,,,,,,
0.309381945,-0.075558184,-0.616707011,0.307894455,2.119841556,-0.967764881,0.311983678,0.113549496,1.100624134,-0.583359558,-0.766046861,0.784724129,-0.146125298,1,,,,,,,,,,,,,,,,,,,,,,,,,,,,,,,,,,,,,,,,,,,
-0.790585761,-0.075558184,-0.616707011,-1.750323402,0.024739214,-0.990425191,-0.367894642,-1.54477424,-1.241884747,1.56694825,2.788737394,-1.809196377,-0.146125298,10,,,,,,,,,,,,,,,,,,,,,,,,,,,,,,,,,,,,,,,,,,,
-0.806339885,-0.075558184,-0.616707011,-1.750323402,-1.00884106,-0.930782223,-0.521378538,-1.706002426,-1.059153462,-0.033809036,2.08496351,-2.313006607,-0.146125298,10,,,,,,,,,,,,,,,,,,,,,,,,,,,,,,,,,,,,,,,,,,,
-0.758099778,-0.075558184,-0.616707011,-1.727019305,-0.309206105,-1.18717611,0.760910966,-1.495812807,-1.103962125,-0.243728711,2.757484858,-1.960367242,-0.146125298,10,,,,,,,,,,,,,,,,,,,,,,,,,,,,,,,,,,,,,,,,,,,
-0.758792588,-0.075558184,-0.616707011,-1.750323402,0.462270012,-0.835129658,0.13173257,-1.379345798,-1.106762667,0.418213389,2.790480345,-1.432266894,-0.146125298,10,,,,,,,,,,,,,,,,,,,,,,,,,,,,,,,,,,,,,,,,,,,
-0.718634646,-0.075558184,-0.616707011,-1.685235289,-0.368427852,2.721956446,0.532267823,-0.878397339,-0.861833382,3.229213669,2.840134335,-1.03073682,-0.146125298,10,,,,,,,,,,,,,,,,,,,,,,,,,,,,,,,,,,,,,,,,,,,
0.473590523,-0.075558184,-0.616707011,1.204905746,0.257878937,-0.605354805,-0.735513327,-0.479373458,-0.089656917,-0.511494922,-0.766046861,-0.79128656,-0.146125298,1,,,,,,,,,,,,,,,,,,,,,,,,,,,,,,,,,,,,,,,,,,,
-0.579903805,-0.075558184,-0.097329117,0.845844954,0.985459746,1.172361408,0.59535459,-1.430287629,-0.566892245,0.872674084,-0.446746512,-0.917484493,-0.146125298,9,,,,,,,,,,,,,,,,,,,,,,,,,,,,,,,,,,,,,,,,,,,
-0.791697494,-0.075558184,-0.616707011,-1.750323402,-1.469260767,2.045120939,-0.318281624,-1.251308496,-1.086639188,-0.200233412,2.701686063,-2.247190665,-0.146125298,10,,,,,,,,,,,,,,,,,,,,,,,,,,,,,,,,,,,,,,,,,,,
0.841765854,-0.075558184,-0.137460597,1.141094094,2.064508096,-0.347103674,-0.695639952,0.51369947,2.381842894,0.369121908,-0.766046861,1.936826782,-0.146125298,1,,,,,,,,,,,,,,,,,,,,,,,,,,,,,,,,,,,,,,,,,,,
-0.395153914,-0.075558184,-0.60893979,2.051554669,-0.743850239,-0.132226783,-0.699378081,-1.581839575,-0.743742476,3.065872035,-0.766046861,-1.47058637,-0.146125298,9,,,,,,,,,,,,,,,,,,,,,,,,,,,,,,,,,,,,,,,,,,,
-0.761836281,-0.075558184,-0.616707011,-1.750323402,-0.28716393,-0.754420388,-0.020928693,-1.433950862,-1.285965855,0.207580594,2.557176843,-2.029140409,-0.146125298,10,,,,,,,,,,,,,,,,,,,,,,,,,,,,,,,,,,,,,,,,,,,
0.455703427,-0.075558184,-0.551827877,0.601271852,0.803923722,-1.108988578,-0.463436183,-0.077032882,0.929230995,-0.351948726,-0.766046861,-0.105575775,-0.146125298,1,,,,,,,,,,,,,,,,,,,,,,,,,,,,,,,,,,,,,,,,,,,
0.434582083,-0.075558184,2.734533618,1.953035453,1.626930869,-0.208414051,4.014806541,-1.218810192,-0.142997943,0.664355931,-0.743683882,1.217843001,-0.146125298,3,,,,,,,,,,,,,,,,,,,,,,,,,,,,,,,,,,,,,,,,,,,
-0.390649791,-0.075558184,-0.179281778,1.979733319,0.313867252,-0.035762118,-0.586679048,-1.363306687,-0.829120866,-0.323162067,-0.766046861,-1.172539976,-0.146125298,9,,,,,,,,,,,,,,,,,,,,,,,,,,,,,,,,,,,,,,,,,,,
-0.362049965,-0.075558184,-0.616115222,2.114234367,0.162496435,0.638488295,0.156511024,-1.261063719,-0.427991426,0.236265157,-0.763232473,-1.56114546,-0.146125298,9,,,,,,,,,,,,,,,,,,,,,,,,,,,,,,,,,,,,,,,,,,,
0.958625519,-0.075558184,-0.616707011,0.763084072,0.769015068,-0.146527286,-0.504247754,-0.713784858,-0.579075522,0.719103216,-0.766046861,0.201543184,-0.057690732,1,,,,,,,,,,,,,,,,,,,,,,,,,,,,,,,,,,,,,,,,,,,
0.117612123,-0.075558184,0.799059244,0.284759842,0.903113508,-0.414213358,1.101007396,-0.479373458,-0.431832168,0.13119986,-0.510710078,0.389035282,0.481146333,3,,,,,,,,,,,,,,,,,,,,,,,,,,,,,,,,,,,,,,,,,,,
0.765858841,0.244934011,-0.342098193,1.472940761,2.069926696,-0.161760284,0.29026139,-0.142609614,1.324378365,0.218686498,-0.646889281,0.298290109,-0.146125298,1,,,,,,,,,,,,,,,,,,,,,,,,,,,,,,,,,,,,,,,,,,,
-0.701391452,-0.075558184,-0.596430478,-1.260362008,-0.500160945,-1.073999285,-0.431216521,-1.510078623,-0.862702846,1.676609866,1.707534069,-1.872508699,-0.146125298,10,,,,,,,,,,,,,,,,,,,,,,,,,,,,,,,,,,,,,,,,,,,
1.461127248,-0.075558184,0.200103888,0.807584869,0.039202464,-0.674951724,1.353337005,0.310279693,-0.278976807,-0.347933759,-0.732682739,-0.261138931,-0.146125298,1,,,,,,,,,,,,,,,,,,,,,,,,,,,,,,,,,,,,,,,,,,,
-0.419554173,-0.075558184,-0.616707011,1.468746897,-0.250306523,0.291513297,0.382902147,-1.706876716,-0.597110027,1.475239693,-0.766046861,-1.720156544,-0.146125298,9,,,,,,,,,,,,,,,,,,,,,,,,,,,,,,,,,,,,,,,,,,,
1.231650681,-0.075558184,-0.190748152,0.590052726,3.948767049,-0.724638469,-0.182486958,0.084087486,0.845214751,-0.137407963,-0.766046861,0.130977339,0.369997299,1,,,,,,,,,,,,,,,,,,,,,,,,,,,,,,,,,,,,,,,,,,,
-0.701648589,0.03766413,-0.616707011,-1.749256278,-0.981084247,1.188368473,3.247393755,-0.852695317,-0.932195581,-0.357225174,1.897928279,-0.91160861,-0.146125298,6,,,,,,,,,,,,,,,,,,,,,,,,,,,,,,,,,,,,,,,,,,,
-0.778299521,-0.075558184,-0.616707011,-1.75015458,-0.787762384,1.462540609,-0.889088121,-1.497467168,-1.024934345,0.066265107,3.356405759,-2.037167201,-0.082464254,10,,,,,,,,,,,,,,,,,,,,,,,,,,,,,,,,,,,,,,,,,,,
1.713428174,-0.075558184,-0.604982905,-0.801147127,1.070301324,0.990700944,-0.451885738,-0.289190623,-0.46987726,-0.335559787,0.198544996,-0.917484493,-0.146125298,1,,,,,,,,,,,,,,,,,,,,,,,,,,,,,,,,,,,,,,,,,,,
0.294864909,-0.075558184,-0.580858302,-0.596721705,2.609686502,0.648220891,-0.157349396,0.074455675,0.207983849,0.385919618,-0.261026481,-0.034237642,-0.146125298,5,,,,,,,,,,,,,,,,,,,,,,,,,,,,,,,,,,,,,,,,,,,
-0.26020029,-0.075558184,-0.61522754,-1.232387322,0.230302364,-0.611794583,0.971446851,-0.06795753,-0.569458779,0.948917946,1.789574319,-0.475062012,0.946105089,6,,,,,,,,,,,,,,,,,,,,,,,,,,,,,,,,,,,,,,,,,,,
-0.030926351,-0.075558184,-0.19375598,0.255591587,-0.332129967,0.246677897,1.484636169,-0.882561066,-0.160291665,0.150499462,-0.582567489,-0.410998104,0.107387123,5,,,,,,,,,,,,,,,,,,,,,,,,,,,,,,,,,,,,,,,,,,,
-0.78304094,-0.075558184,-0.616707011,-1.750323402,-0.7500496,-1.256045957,-0.055320467,-1.792274284,-0.835110143,-0.150435595,2.069408239,-2.238585962,-0.146125298,10,,,,,,,,,,,,,,,,,,,,,,,,,,,,,,,,,,,,,,,,,,,
0.903311604,-0.075558184,-0.561209926,0.769628995,1.729442671,-0.588827953,-0.197070582,-0.0726684,0.156153275,-0.25858188,-0.766046861,0.402722039,-0.146125298,1,,,,,,,,,,,,,,,,,,,,,,,,,,,,,,,,,,,,,,,,,,,
-0.49170314,-0.075558184,-0.616707011,-1.745443893,-0.843195565,2.998699206,-0.02679625,-0.943875311,-1.182015927,1.304136861,1.680655464,-1.074853897,-0.103938131,10,,,,,,,,,,,,,,,,,,,,,,,,,,,,,,,,,,,,,,,,,,,
-0.562789387,-0.075558184,-0.616707011,-0.378297056,0.585311406,-0.441543622,-0.95987545,-0.952194747,-0.979567924,0.555312497,1.300176416,-1.808108241,-0.146125298,4,,,,,,,,,,,,,,,,,,,,,,,,,,,,,,,,,,,,,,,,,,,
-0.727587566,-0.075558184,-0.616707011,-1.74987785,-0.171272083,1.911357236,0.18239642,-1.518516779,-1.263333146,0.763244035,3.108495776,-2.279697319,-0.146125298,10,,,,,,,,,,,,,,,,,,,,,,,,,,,,,,,,,,,,,,,,,,,
-0.107650115,-0.075558184,-0.479855988,2.135997972,0.355208021,1.080435941,-0.818108174,-1.250778321,-0.501445628,1.828005655,-0.766046861,-1.688772777,-0.146125298,9,,,,,,,,,,,,,,,,,,,,,,,,,,,,,,,,,,,,,,,,,,,
0.444550875,-0.075558184,-0.616707011,1.850252612,1.056333503,0.795405961,1.154095619,-0.760340432,0.106691468,0.225301428,-0.766046861,-1.010352101,-0.146125298,1,,,,,,,,,,,,,,,,,,,,,,,,,,,,,,,,,,,,,,,,,,,
0.838837141,-0.075558184,-0.560695507,0.324773663,2.246133904,-0.370209691,-0.621509172,0.575242018,0.442883438,1.119961583,-0.742184017,2.227281661,-0.146125298,1,,,,,,,,,,,,,,,,,,,,,,,,,,,,,,,,,,,,,,,,,,,
0.899988655,-0.075558184,0.01647678,-0.195105414,6.255394388,0.441992783,0.05078962,2.141345999,2.090671561,1.917247185,-0.766046861,4.455356441,-0.146125298,1,,,,,,,,,,,,,,,,,,,,,,,,,,,,,,,,,,,,,,,,,,,
1.642580904,-0.075558184,0.055583481,-0.086132039,4.32548111,0.118962099,-0.459486676,-0.107771975,1.081110684,2.448981835,-0.755751646,3.115778178,0.223823704,1,,,,,,,,,,,,,,,,,,,,,,,,,,,,,,,,,,,,,,,,,,,
0.369645184,-0.075558184,-0.465561104,0.197721616,1.657313326,-0.14252236,-0.016714926,-0.693420933,-0.096675473,1.930318307,-0.766046861,-0.1030693,-0.146125298,9,,,,,,,,,,,,,,,,,,,,,,,,,,,,,,,,,,,,,,,,,,,
0.188676599,-0.075558184,-0.298635498,-0.484577414,1.738533756,1.009968547,-0.037137093,-0.807284172,0.155116963,0.68506865,0.169834868,-0.985224402,-0.146125298,5,,,,,,,,,,,,,,,,,,,,,,,,,,,,,,,,,,,,,,,,,,,
-0.17588353,-0.075558184,-0.549311438,0.862069144,0.491094395,0.30397761,-0.610985711,-0.556909536,-0.016145641,1.647529609,-0.766046861,-0.543591914,-0.111302163,9,,,,,,,,,,,,,,,,,,,,,,,,,,,,,,,,,,,,,,,,,,,
1.439664233,-0.075558184,-0.152745057,1.013832595,1.828545738,-0.111572451,0.420814536,0.883046209,1.970256894,0.860537584,-0.764834509,1.348295382,0.114661289,1,,,,,,,,,,,,,,,,,,,,,,,,,,,,,,,,,,,,,,,,,,,
-0.443975957,-0.075558184,-0.511744576,0.707583196,-0.347928844,1.136223176,-0.391740179,-1.569069697,-0.698867584,1.904902236,-0.766046861,-1.381371527,-0.146125298,9,,,,,,,,,,,,,,,,,,,,,,,,,,,,,,,,,,,,,,,,,,,
-0.771243374,-0.075558184,-0.616707011,-1.750323402,-0.308576328,-1.223752365,-0.239944243,-1.549054868,-1.178856606,0.481066295,2.241408769,-1.891474988,-0.146125298,10,,,,,,,,,,,,,,,,,,,,,,,,,,,,,,,,,,,,,,,,,,,
-0.487903859,-0.075558184,-0.094510822,1.489402401,-0.200690783,-0.084448327,-1.358151407,-1.587031723,-0.846743161,0.590016251,-0.766046861,-1.853360042,-0.146125298,9,,,,,,,,,,,,,,,,,,,,,,,,,,,,,,,,,,,,,,,,,,,
-0.337737281,-0.075558184,0.772978137,2.056731886,0.321751148,0.129048199,-0.157349396,-1.244349947,-0.083164753,2.202444242,-0.766046861,-1.716925862,-0.146125298,9,,,,,,,,,,,,,,,,,,,,,,,,,,,,,,,,,,,,,,,,,,,
-0.381211112,-0.075558184,-0.616707011,1.84655806,-0.728007426,0.669879055,-0.531455469,-1.495812807,-0.56625816,0.240078415,-0.766046861,-1.403929802,0.155675204,9,,,,,,,,,,,,,,,,,,,,,,,,,,,,,,,,,,,,,,,,,,,
0.797555699,-0.075558184,-0.503527516,0.079774583,1.051110967,0.950567087,2.403090871,0.49773937,0.192288506,0.460595119,0.035584818,0.150562094,-0.146125298,1,,,,,,,,,,,,,,,,,,,,,,,,,,,,,,,,,,,,,,,,,,,
-0.275903984,-0.075558184,-0.359931849,1.047439384,0.572480886,0.094208159,0.352795249,-1.728746825,-0.280602928,3.022408418,-0.766046861,-0.662013215,-0.146125298,9,,,,,,,,,,,,,,,,,,,,,,,,,,,,,,,,,,,,,,,,,,,
-0.526309633,-0.075558184,-0.611303727,-1.638284119,-0.837020355,1.4350301,-0.270468426,-1.68455381,-0.56443172,-0.011340569,2.383498683,-1.519854269,-0.131363317,10,,,,,,,,,,,,,,,,,,,,,,,,,,,,,,,,,,,,,,,,,,,
-0.525033781,-0.075558184,-0.232295435,1.382652124,-0.28716393,0.350482266,0.812790082,-0.747839783,0.883947663,0.475991872,-0.766046861,-0.938660078,-0.146125298,5,,,,,,,,,,,,,,,,,,,,,,,,,,,,,,,,,,,,,,,,,,,
-0.784703684,0.230142064,-0.616707011,-1.750323402,0.537213407,-1.055513168,1.692775184,-1.055355756,-0.982978733,0.312605581,2.464871222,-1.703787756,-0.146125298,10,,,,,,,,,,,,,,,,,,,,,,,,,,,,,,,,,,,,,,,,,,,
0.887005342,-0.075558184,-0.614816889,0.238220924,0.353986781,-0.766495487,-1.126818193,-0.326070184,1.609858413,-0.189710098,-0.766046861,-0.052682483,-0.146125298,1,,,,,,,,,,,,,,,,,,,,,,,,,,,,,,,,,,,,,,,,,,,
0.896219768,-0.075558184,-0.616707011,0.447193636,2.380820905,0.280837341,-0.411741525,-0.248980538,1.028034099,0.234985709,-0.766046861,0.282693905,-0.146125298,1,,,,,,,,,,,,,,,,,,,,,,,,,,,,,,,,,,,,,,,,,,,
2.152934087,-0.075558184,-0.575281836,-0.029986706,0.170823479,-0.633876661,-0.221589833,0.160606874,1.162609453,0.113248558,-0.766046861,0.158903749,0.742509512,1,,,,,,,,,,,,,,,,,,,,,,,,,,,,,,,,,,,,,,,,,,,
0.886561996,-0.075558184,-0.606609624,-0.108020122,-0.427682794,-0.588575606,-0.677696934,-0.35337733,-0.368819985,0.742313676,0.727760234,-0.455667665,-0.146125298,4,,,,,,,,,,,,,,,,,,,,,,,,,,,,,,,,,,,,,,,,,,,
0.395428953,-0.075558184,-0.616707011,1.720062715,1.461515269,1.168982887,-0.446431361,-1.079355018,-0.678279819,1.005338069,-0.766046861,-1.476060581,-0.146125298,9,,,,,,,,,,,,,,,,,,,,,,,,,,,,,,,,,,,,,,,,,,,
-0.228033045,2.391527339,-0.312031535,-0.551009822,2.39629309,-0.120438376,1.073580264,-0.177447253,-0.223688698,2.919251369,1.07454057,0.145718552,-0.090146172,12,,,,,,,,,,,,,,,,,,,,,,,,,,,,,,,,,,,,,,,,,,,
-0.779630182,-0.075558184,-0.616707011,-1.750323402,0.462270012,-0.596204266,-0.557616733,-1.088585504,-1.132398393,0.530882768,2.660615556,-1.691660273,-0.146125298,10,,,,,,,,,,,,,,,,,,,,,,,,,,,,,,,,,,,,,,,,,,,
1.67826375,-0.075558184,-0.543522536,0.938876189,1.311628481,-0.426042767,-0.473412345,4.426075781,2.193507445,0.073775203,-0.655328815,0.569980494,-0.107226566,1,,,,,,,,,,,,,,,,,,,,,,,,,,,,,,,,,,,,,,,,,,,
0.728358333,-0.057105453,-0.548880581,0.457320564,0.931985652,-0.741524866,-0.157349396,0.544820418,0.804981619,0.723084782,0.334418711,0.406451165,-0.146125298,1,,,,,,,,,,,,,,,,,,,,,,,,,,,,,,,,,,,,,,,,,,,
-0.278976446,-0.075558184,1.246075016,1.588541176,2.718717861,0.749176255,0.596777471,-0.088081136,-0.434023896,6.091002742,-0.706516425,-0.371698029,-0.146125298,9,,,,,,,,,,,,,,,,,,,,,,,,,,,,,,,,,,,,,,,,,,,
0.190582448,-0.075558184,1.665997998,2.203772306,0.347326156,0.914122202,-0.231836773,0.094842024,0.705015864,2.611128189,-0.766046861,-0.864560995,-0.146125298,9,,,,,,,,,,,,,,,,,,,,,,,,,,,,,,,,,,,,,,,,,,,
0.538755364,-0.024048252,-0.61479508,0.348101356,1.050287414,-0.518222408,-0.290771841,0.80551013,0.265114895,0.497239835,-0.351826594,0.175972058,-0.119814485,1,,,,,,,,,,,,,,,,,,,,,,,,,,,,,,,,,,,,,,,,,,,
0.113624241,-0.056917925,-0.575029244,0.55791383,3.715910056,-0.396882266,1.915579821,-0.128164739,-0.018718146,2.26992247,1.133631105,0.566220646,-0.146125298,1,,,,,,,,,,,,,,,,,,,,,,,,,,,,,,,,,,,,,,,,,,,
1.049351272,-0.075558184,-0.61535619,0.545111741,0.551876245,-0.756677919,-0.785788451,-0.291553143,0.460201177,0.395579668,-0.745132691,-0.154633666,-0.124255696,1,,,,,,,,,,,,,,,,,,,,,,,,,,,,,,,,,,,,,,,,,,,
-0.291607679,-0.075558184,-0.48897939,1.494666193,0.961892641,-0.035474213,-0.735513327,-1.75933412,-0.360885117,0.908520546,-0.766046861,-0.892144749,-0.146125298,9,,,,,,,,,,,,,,,,,,,,,,,,,,,,,,,,,,,,,,,,,,,
-0.459113753,-0.075558184,1.237069543,1.432239461,0.670446108,0.575171763,-0.992475074,-1.839331661,-0.233927236,1.734475604,-0.766046861,-1.592843748,-0.146125298,9,,,,,,,,,,,,,,,,,,,,,,,,,,,,,,,,,,,,,,,,,,,
0.196702439,-0.075558184,-0.596651966,1.891121681,-0.073039947,-0.706026024,-0.570323632,-1.119353789,-0.73269034,1.798329559,-0.766046861,-0.800386547,-0.146125298,9,,,,,,,,,,,,,,,,,,,,,,,,,,,,,,,,,,,,,,,,,,,
0.688487603,-0.075558184,-0.616707011,0.034891497,1.167619605,-0.786920765,0.440248617,0.331357928,-0.604665586,0.535856793,-0.57185405,0.60984379,-0.146125298,1,,,,,,,,,,,,,,,,,,,,,,,,,,,,,,,,,,,,,,,,,,,
-0.362141221,-0.075558184,-0.616707011,0.955960928,-0.668232036,-0.344286088,0.812790082,-1.48002067,-1.091430889,1.290393342,-0.766046861,-1.954079813,-0.146125298,9,,,,,,,,,,,,,,,,,,,,,,,,,,,,,,,,,,,,,,,,,,,
0.15491875,0.075033071,-0.003900121,1.335030937,2.426303793,-0.639871768,0.117776889,-1.114940131,0.002039308,-0.541830685,0.009482172,1.190219918,-0.146125298,1,,,,,,,,,,,,,,,,,,,,,,,,,,,,,,,,,,,,,,,,,,,
-0.281138549,-0.075558184,-0.548815753,1.751576209,-1.244773968,0.076247983,-0.863994201,-1.839331661,-0.995674521,0.60086058,-0.766046861,-2.235151163,-0.146125298,9,,,,,,,,,,,,,,,,,,,,,,,,,,,,,,,,,,,,,,,,,,,
-0.148992495,-0.075558184,0.879037679,2.184545292,1.089347393,0.478035607,0.515208647,-0.50876031,1.043424503,3.095345044,-0.766046861,-1.543985484,-0.146125298,9,,,,,,,,,,,,,,,,,,,,,,,,,,,,,,,,,,,,,,,,,,,
0.02246621,-0.075558184,0.252358627,1.265368001,-0.380843173,-0.95565189,-0.060988741,0.300602571,-0.630670614,0.519591909,-0.766046861,-0.512599458,-0.146125298,2,,,,,,,,,,,,,,,,,,,,,,,,,,,,,,,,,,,,,,,,,,,
1.743323523,-0.075558184,-0.333604025,0.356530381,2.626554582,-0.596432327,-0.056235524,1.800018372,1.711147202,0.768752861,-0.581672858,0.959889637,-0.016202212,1,,,,,,,,,,,,,,,,,,,,,,,,,,,,,,,,,,,,,,,,,,,
0.267259094,-0.075558184,-0.616707011,1.553350147,0.374101313,-0.767475161,0.69289168,-1.326406249,-0.767897147,-0.67309656,-0.766046861,-0.22922854,-0.146125298,2,,,,,,,,,,,,,,,,,,,,,,,,,,,,,,,,,,,,,,,,,,,
-0.148248146,-0.075558184,0.881614821,1.824962474,0.184254195,0.262122516,-0.101398048,-1.361926979,0.218616178,3.412200159,-0.766046861,-1.278282638,-0.146125298,9,,,,,,,,,,,,,,,,,,,,,,,,,,,,,,,,,,,,,,,,,,,
1.311221075,-0.075558184,-0.490647628,-0.535190608,2.918548724,-0.369154297,-0.23204043,0.581646565,0.979158352,-0.087042489,-0.766046861,0.654533742,0.012717071,1,,,,,,,,,,,,,,,,,,,,,,,,,,,,,,,,,,,,,,,,,,,
0.045900954,0.351078425,-0.575919147,1.656957229,1.903489133,-1.122157989,0.385235217,-0.457220292,-0.244669826,-0.47920898,-0.642993133,0.677241341,0.087576629,2,,,,,,,,,,,,,,,,,,,,,,,,,,,,,,,,,,,,,,,,,,,
1.699396436,-0.075558184,-0.616707011,-0.059142048,1.880841404,-0.537021606,-0.818108174,-0.427946467,0.069864836,0.937722772,-0.766046861,0.113024648,0.708976123,1,,,,,,,,,,,,,,,,,,,,,,,,,,,,,,,,,,,,,,,,,,,
1.957011805,-0.075558184,-0.569035183,-0.315651893,2.389385865,-0.721767703,-0.533614811,0.914869407,1.625098876,0.081973151,-0.759688428,1.418493615,-0.146125298,1,,,,,,,,,,,,,,,,,,,,,,,,,,,,,,,,,,,,,,,,,,,
1.618562982,-0.075558184,-0.33069703,0.557115772,1.881410882,-0.021439743,-0.661705166,0.746120794,1.18556992,1.646308095,-0.766046861,1.233557355,-0.146125298,1,,,,,,,,,,,,,,,,,,,,,,,,,,,,,,,,,,,,,,,,,,,
-0.417237234,-0.075558184,-0.517459197,2.067911673,-1.255182773,0.414858063,-0.928234637,-1.379345798,-0.77349823,1.114801992,-0.766046861,-1.563647956,-0.146125298,9,,,,,,,,,,,,,,,,,,,,,,,,,,,,,,,,,,,,,,,,,,,
-0.238215118,-0.075558184,-0.616707011,1.661057447,-0.11229601,0.184603209,-0.735513327,-1.007357231,0.769040022,1.825197976,-0.766046861,-1.546130481,-0.105885231,9,,,,,,,,,,,,,,,,,,,,,,,,,,,,,,,,,,,,,,,,,,,
-0.169904047,1.482719052,0.483413814,0.567760175,2.880897736,-0.786920765,0.079172213,-0.250289589,-0.232484533,2.174329089,0.067427919,-0.480749504,-0.146125298,12,,,,,,,,,,,,,,,,,,,,,,,,,,,,,,,,,,,,,,,,,,,
-0.291046832,-0.075558184,-0.557898058,1.436655637,-0.006126202,1.316069203,-0.157349396,-1.070783853,0.151480616,3.36174449,-0.766046861,-0.900486404,-0.146125298,9,,,,,,,,,,,,,,,,,,,,,,,,,,,,,,,,,,,,,,,,,,,
0.351101706,-0.075558184,-0.616707011,-0.403084659,0.980060736,-0.36017815,0.757200823,0.122789854,0.367391454,0.70450452,-0.33549658,-0.179767434,-0.146125298,9,,,,,,,,,,,,,,,,,,,,,,,,,,,,,,,,,,,,,,,,,,,
0.913302414,-0.075558184,-0.499785069,-0.202001196,1.522120381,-0.568819333,-0.824461624,-0.053351048,0.344895528,-0.226370282,-0.766046861,-0.42604862,-0.087193839,1,,,,,,,,,,,,,,,,,,,,,,,,,,,,,,,,,,,,,,,,,,,
-0.668496345,-0.075558184,-0.616707011,-1.750323402,-1.078233092,3.057547133,0.035371915,-1.679336579,-0.86871664,-0.188606504,1.97271805,-1.300885832,-0.146125298,10,,,,,,,,,,,,,,,,,,,,,,,,,,,,,,,,,,,,,,,,,,,
-0.168685657,-0.075558184,-0.616707011,1.390842423,0.294293439,1.60262544,-0.576019829,-0.429719811,1.160420524,2.928827664,-0.766046861,-1.451898547,-0.146125298,9,,,,,,,,,,,,,,,,,,,,,,,,,,,,,,,,,,,,,,,,,,,
-0.403776925,-0.075558184,1.15495893,1.538913713,-0.15333644,1.188659986,-0.405133938,-1.507913276,-0.501445628,0.226029569,0.058568991,-1.576160438,-0.146125298,9,,,,,,,,,,,,,,,,,,,,,,,,,,,,,,,,,,,,,,,,,,,
-0.620808979,0.146805692,-0.582502738,-1.593904125,0.393514605,-1.000733207,0.017691061,-1.126693013,-1.031199433,0.659731294,2.598438489,-1.111247112,-0.146125298,10,,,,,,,,,,,,,,,,,,,,,,,,,,,,,,,,,,,,,,,,,,,
0.107063532,-0.075558184,-0.144660467,0.743105644,1.417193907,0.279451058,-0.660911529,-0.177447253,0.329192396,1.007765696,-0.766046861,-1.430854194,-0.146125298,9,,,,,,,,,,,,,,,,,,,,,,,,,,,,,,,,,,,,,,,,,,,
-0.788891336,-0.075558184,-0.616707011,-1.750323402,-0.620245682,-0.777738119,1.320180651,-1.599339037,-1.059153462,-0.223435934,2.401391124,-1.651235331,-0.146125298,10,,,,,,,,,,,,,,,,,,,,,,,,,,,,,,,,,,,,,,,,,,,
2.712284727,-0.075558184,-0.611461615,0.088146999,1.727548097,-0.642562411,-0.540289142,0.100348985,1.92105913,-0.584772425,-0.766046861,1.024160845,0.228185714,1,,,,,,,,,,,,,,,,,,,,,,,,,,,,,,,,,,,,,,,,,,,
-0.365843325,-0.075558184,-0.368862075,1.055196182,0.070520452,1.301713864,0.079172213,-0.986630595,-0.699920367,2.670478845,-0.766046861,-1.842335058,-0.146125298,9,,,,,,,,,,,,,,,,,,,,,,,,,,,,,,,,,,,,,,,,,,,
-0.674112995,-0.075558184,-0.616707011,-1.747799694,-0.516917402,-0.669289056,-0.423220401,-1.383287283,-1.239859934,1.162937609,2.981979173,-1.551500802,-0.146125298,10,,,,,,,,,,,,,,,,,,,,,,,,,,,,,,,,,,,,,,,,,,,
0.868598836,-0.075558184,-0.451151156,0.237274596,0.278842124,-0.854538433,-0.970013383,0.678632911,0.765311189,0.510475715,-0.766046861,0.053962232,-0.146125298,1,,,,,,,,,,,,,,,,,,,,,,,,,,,,,,,,,,,,,,,,,,,
2.811305787,-0.075558184,-0.616707011,0.182107597,2.430348714,-0.91124581,-0.142266858,0.221822384,1.510915639,0.55143596,-0.766046861,0.313768382,-0.143500946,1,,,,,,,,,,,,,,,,,,,,,,,,,,,,,,,,,,,,,,,,,,,
2.467245911,-0.075558184,-0.616707011,0.196719467,2.395468932,-0.549319793,0.000331676,2.00782283,2.844801373,0.460958599,-0.766046861,-0.01494392,-0.146125298,1,,,,,,,,,,,,,,,,,,,,,,,,,,,,,,,,,,,,,,,,,,,
-0.703437065,-0.075558184,-0.45126522,-1.699001425,1.764411488,0.593230967,1.230244039,-0.515372351,-0.925847687,4.090790212,2.518555684,-0.100938797,-0.146125298,10,,,,,,,,,,,,,,,,,,,,,,,,,,,,,,,,,,,,,,,,,,,
-0.797374941,-0.075558184,-0.616707011,-1.750323402,0.294293439,-1.39535024,-0.336779581,-1.323485446,-1.085420609,0.280589958,2.27941272,-1.723721434,-0.146125298,10,,,,,,,,,,,,,,,,,,,,,,,,,,,,,,,,,,,,,,,,,,,
-0.708737062,-0.075558184,-0.586026491,-1.046537021,0.190600208,-0.4563455,-0.070624806,-1.271349117,-0.990120114,1.94075705,2.26084564,-1.598682906,-0.146125298,10,,,,,,,,,,,,,,,,,,,,,,,,,,,,,,,,,,,,,,,,,,,
-0.74121653,-0.075558184,-0.616707011,-1.743674401,-0.390931707,2.634533229,0.563131811,-1.454112731,-1.123609001,2.007841977,2.426075958,-2.120164661,-0.146125298,10,,,,,,,,,,,,,,,,,,,,,,,,,,,,,,,,,,,,,,,,,,,
2.742570423,-0.075558184,-0.555678852,-0.270861284,3.245881799,-0.493240061,-0.776810751,2.323397547,2.35510669,0.659709285,-0.766046861,2.365271429,-0.146125298,1,,,,,,,,,,,,,,,,,,,,,,,,,,,,,,,,,,,,,,,,,,,
3.189943819,-0.075558184,-0.616147211,1.443368551,1.738333212,-0.668539082,-0.204227552,1.81677219,3.377509779,-0.132215998,-0.766046861,2.212078066,-0.137968527,1,,,,,,,,,,,,,,,,,,,,,,,,,,,,,,,,,,,,,,,,,,,
2.209898469,-0.075558184,-0.602695555,0.83770251,1.718673975,-0.476601337,-0.490643897,1.223162453,2.209638564,-0.172079598,-0.766046861,0.970203275,-0.065645164,1,,,,,,,,,,,,,,,,,,,,,,,,,,,,,,,,,,,,,,,,,,,
0.635695477,-0.075558184,-0.471459993,0.027848061,2.242175626,-0.678450756,-0.330798575,2.07654799,2.373470241,0.474749018,-0.766046861,1.515048269,-0.146125298,1,,,,,,,,,,,,,,,,,,,,,,,,,,,,,,,,,,,,,,,,,,,
1.161657071,-0.075558184,-0.594514953,-0.215603335,2.475035458,-0.722576651,-0.107792487,-0.006245141,0.934992109,0.239250537,-0.698923694,0.788698682,-0.124568119,1,,,,,,,,,,,,,,,,,,,,,,,,,,,,,,,,,,,,,,,,,,,
-0.752398941,-0.075558184,-0.616707011,-1.750323402,-0.961654478,-0.752682612,0.387776597,-1.549054868,-1.342088167,0.951903326,2.20932474,-2.07165473,-0.146125298,10,,,,,,,,,,,,,,,,,,,,,,,,,,,,,,,,,,,,,,,,,,,
-0.259903994,-0.075558184,-0.616707011,1.664346402,0.009781594,-0.309769675,-0.451885738,-1.022752984,-0.46987726,1.323860718,-0.766046861,-1.869377472,-0.146125298,9,,,,,,,,,,,,,,,,,,,,,,,,,,,,,,,,,,,,,,,,,,,
1.638651586,-0.075558184,-0.594926764,-0.114257845,1.381678664,-1.028888227,-0.175230754,0.173802344,2.694611509,0.121079622,-0.766046861,0.613394938,-0.146125298,1,,,,,,,,,,,,,,,,,,,,,,,,,,,,,,,,,,,,,,,,,,,
-0.099237422,-0.075558184,-0.616707011,1.476748521,0.218703981,-0.321016251,0.102824373,-1.001357415,-0.882999402,0.966217155,-0.766046861,-0.810396533,-0.146125298,9,,,,,,,,,,,,,,,,,,,,,,,,,,,,,,,,,,,,,,,,,,,
1.755035456,-0.075558184,-0.366027959,-0.35963472,1.668550673,-0.998058734,-0.798873758,1.453717817,4.288729874,-0.336387344,-0.766046861,1.249946481,-0.146125298,1,,,,,,,,,,,,,,,,,,,,,,,,,,,,,,,,,,,,,,,,,,,
1.763878595,-0.075558184,-0.616707011,0.022803468,1.049664184,-0.495433791,-0.391740179,0.824370258,0.598161577,-0.082997575,-0.766046861,-0.657000265,-0.146125298,1,,,,,,,,,,,,,,,,,,,,,,,,,,,,,,,,,,,,,,,,,,,
1.5781451,-0.068514399,-0.365483372,1.50361196,2.879798859,-0.193307117,-0.474407035,1.053482658,1.619248282,0.348333836,-0.549127105,3.943055061,-0.146125298,1,,,,,,,,,,,,,,,,,,,,,,,,,,,,,,,,,,,,,,,,,,,
0.716569504,-0.075558184,-0.557330927,1.268409304,0.545540451,-0.850587112,-0.298678357,0.28860294,0.616690565,0.35373748,-0.766046861,-0.413333767,-0.146125298,1,,,,,,,,,,,,,,,,,,,,,,,,,,,,,,,,,,,,,,,,,,,
0.887066757,-0.075558184,-0.140909293,0.46287578,-0.180101938,-0.553156827,-0.173868365,1.289715029,2.183713551,-0.289588158,-0.766046861,-0.059647606,-0.146125298,1,,,,,,,,,,,,,,,,,,,,,,,,,,,,,,,,,,,,,,,,,,,
1.800331676,-0.075558184,-0.539429084,1.014564154,1.322026718,-0.820901217,-0.518334997,0.163855505,1.69203026,0.17382331,-0.766046861,-0.125347664,-0.117017635,1,,,,,,,,,,,,,,,,,,,,,,,,,,,,,,,,,,,,,,,,,,,
-0.706633889,-0.075558184,-0.616707011,-1.697500782,-0.608349905,2.495219367,-0.239944243,-1.302205312,-0.950332421,2.214861111,2.515217507,-2.00158483,0.026332132,10,,,,,,,,,,,,,,,,,,,,,,,,,,,,,,,,,,,,,,,,,,,
-0.307817944,-0.075558184,1.199319183,1.029253988,0.293042993,0.131491968,-0.213300744,-0.316797809,0.660921053,2.897944425,-0.766046861,-0.566282043,-0.146125298,9,,,,,,,,,,,,,,,,,,,,,,,,,,,,,,,,,,,,,,,,,,,
-0.30900907,-0.075558184,-0.616707011,1.629675359,-0.57073353,-0.840527565,-0.454244387,-1.60798742,-0.884157464,0.528601839,-0.766046861,-1.196727872,-0.146125298,9,,,,,,,,,,,,,,,,,,,,,,,,,,,,,,,,,,,,,,,,,,,
0.661083117,-0.075558184,-0.337087084,-0.247679928,1.544785707,-0.995060747,-1.377917695,-0.399375916,2.051314618,1.473254878,-0.766046861,-0.658578416,-0.146125298,1,,,,,,,,,,,,,,,,,,,,,,,,,,,,,,,,,,,,,,,,,,,
2.451205516,-0.075558184,0.278623881,1.511246879,2.095470397,-0.406447347,-0.71369582,6.054765349,4.725814126,0.249405656,-0.766046861,3.72299378,-0.09297804,1,,,,,,,,,,,,,,,,,,,,,,,,,,,,,,,,,,,,,,,,,,,
0.809613893,-0.075558184,-0.616707011,0.053449024,0.290524734,-0.560798101,-0.494611689,-0.299378989,0.511950313,-0.297966768,-0.766046861,-0.315527865,-0.123071093,1,,,,,,,,,,,,,,,,,,,,,,,,,,,,,,,,,,,,,,,,,,,
0.886522296,-0.075558184,-0.600648937,-0.251515278,1.986399716,0.003302692,-0.722520879,-0.026353673,1.101983498,0.492365693,-0.766046861,0.061147053,-0.146125298,1,,,,,,,,,,,,,,,,,,,,,,,,,,,,,,,,,,,,,,,,,,,
-0.346570609,-0.075558184,-0.616707011,0.850552866,-0.146645066,-0.564815509,-0.916189555,-1.109354096,-0.850863188,2.73211591,-0.041737577,-1.421318472,-0.146125298,9,,,,,,,,,,,,,,,,,,,,,,,,,,,,,,,,,,,,,,,,,,,
0.997648377,-0.075558184,-0.559349077,-0.367806095,3.023522278,-0.490856104,-0.671978829,1.023877046,1.498140995,1.74151986,-0.682048187,1.698259882,-0.146125298,1,,,,,,,,,,,,,,,,,,,,,,,,,,,,,,,,,,,,,,,,,,,
-0.219370684,-0.075558184,-0.560218137,1.596360651,-0.655067866,0.395637115,-0.125813181,-1.369527918,0.367391454,0.395110621,-0.766046861,-1.498355549,-0.146125298,9,,,,,,,,,,,,,,,,,,,,,,,,,,,,,,,,,,,,,,,,,,,
-0.432940928,5.852438679,1.649019889,0.025637114,0.170823479,-0.854260171,-0.863994201,-1.19935133,-0.74175876,-0.617340203,-0.31511927,-1.008927916,-0.146125298,12,,,,,,,,,,,,,,,,,,,,,,,,,,,,,,,,,,,,,,,,,,,
1.73531099,-0.075558184,-0.616707011,0.577058703,0.871052163,-0.738336218,-0.125813181,0.46314303,1.551562233,-0.455722601,-0.766046861,0.584631473,-0.146125298,1,,,,,,,,,,,,,,,,,,,,,,,,,,,,,,,,,,,,,,,,,,,
-0.707214074,-0.075558184,-0.6151,-1.343659602,0.139238141,-1.29204547,-0.456399705,-1.360725681,-0.760364656,0.813711863,2.790102936,-2.02272661,-0.146125298,10,,,,,,,,,,,,,,,,,,,,,,,,,,,,,,,,,,,,,,,,,,,
-0.269528048,-0.031230006,-0.501775512,1.602847858,-0.168832255,0.2855847,0.142600313,-0.944923059,-0.35754412,1.707720665,-0.557782107,-1.422059343,-0.146125298,9,,,,,,,,,,,,,,,,,,,,,,,,,,,,,,,,,,,,,,,,,,,
-0.350570607,-0.075558184,-0.607327726,0.014296409,1.409667638,-0.747937833,-0.451885738,-1.267273771,-0.663907229,-0.527356352,0.478443905,-1.155457738,-0.146125298,5,,,,,,,,,,,,,,,,,,,,,,,,,,,,,,,,,,,,,,,,,,,
3.27995865,-0.075558184,-0.616707011,-0.100817037,0.494854097,-0.710265631,-0.819305201,0.877106592,1.275767564,0.667779236,-0.766046861,0.115744752,-0.146125298,1,,,,,,,,,,,,,,,,,,,,,,,,,,,,,,,,,,,,,,,,,,,
0.158967554,-0.075558184,-0.614317097,0.306711324,2.047611045,-0.33396908,-0.290771841,-0.507064914,0.735347354,2.291682696,-0.766046861,-1.186348495,-0.146125298,9,,,,,,,,,,,,,,,,,,,,,,,,,,,,,,,,,,,,,,,,,,,
-0.718845303,0.421936328,-0.616707011,-1.622004535,-0.136504529,-0.993956305,0.289684572,-1.028634927,-0.945284022,0.828568452,3.223755143,-1.759590846,2.794096083,10,,,,,,,,,,,,,,,,,,,,,,,,,,,,,,,,,,,,,,,,,,,
1.927231969,-0.075558184,-0.613965639,-0.023807589,1.299872654,-0.810012419,0.25076632,2.209955655,2.441523399,-0.228801813,-0.766046861,1.007299105,-0.146125298,1,,,,,,,,,,,,,,,,,,,,,,,,,,,,,,,,,,,,,,,,,,,
-0.38948687,-0.075558184,-0.563365005,-1.571035667,1.345164794,-0.514082961,-0.339510634,-0.637176827,-0.54784364,-0.564278146,1.4306284,-0.787359853,-0.107538932,6,,,,,,,,,,,,,,,,,,,,,,,,,,,,,,,,,,,,,,,,,,,
1.574724423,-0.075558184,-0.443500707,0.860104561,1.553780075,-0.534669953,-0.610613802,0.398648338,1.020390084,0.483531573,-0.761996888,0.626646779,-0.073566989,1,,,,,,,,,,,,,,,,,,,,,,,,,,,,,,,,,,,,,,,,,,,
-0.317361737,-0.075558184,3.98231585,1.899623608,-0.407073361,0.85714022,-0.134222838,-1.746534513,0.662395402,0.750859325,-0.766046861,-1.314899812,-0.146125298,3,,,,,,,,,,,,,,,,,,,,,,,,,,,,,,,,,,,,,,,,,,,
-0.791017047,-0.017920719,-0.616707011,-1.750323402,-1.325719597,2.471846569,-0.307026353,-1.524620521,-1.109421049,-0.513344425,2.930688247,-1.950010538,-0.136933404,10,,,,,,,,,,,,,,,,,,,,,,,,,,,,,,,,,,,,,,,,,,,
1.452216207,-0.075558184,-0.435471873,0.211371196,0.768856625,-0.841390553,-0.893194399,-0.02120572,1.676211789,1.392363149,-0.766046861,0.068662211,-0.146125298,1,,,,,,,,,,,,,,,,,,,,,,,,,,,,,,,,,,,,,,,,,,,
0.998204716,-0.075558184,-0.515926363,1.345820364,0.61886815,0.245921357,-0.614702953,2.593964924,1.288619887,0.432778255,-0.747914358,0.84304394,-0.146125298,1,,,,,,,,,,,,,,,,,,,,,,,,,,,,,,,,,,,,,,,,,,,
2.284211463,-0.075558184,-0.615071806,0.622998184,1.546977035,-0.633594737,0.359955174,0.221657629,0.063421484,-0.083703577,-0.645768781,1.073193012,-0.146125298,1,,,,,,,,,,,,,,,,,,,,,,,,,,,,,,,,,,,,,,,,,,,
0.496381274,-0.075558184,-0.616707011,0.934626369,2.081582638,-0.488812713,-0.529026209,-0.993643367,-0.583061409,-0.457409147,-0.766046861,-0.393730878,-0.146125298,1,,,,,,,,,,,,,,,,,,,,,,,,,,,,,,,,,,,,,,,,,,,
2.99385985,-0.075558184,-0.616707011,0.549602031,2.082667726,-0.686408015,-1.516815937,1.81677219,2.034158148,-0.37286181,-0.766046861,1.601333669,-0.146125298,1,,,,,,,,,,,,,,,,,,,,,,,,,,,,,,,,,,,,,,,,,,,
-0.150274429,-0.075558184,-0.090837436,0.176101547,2.585666183,-0.209944492,0.549295409,-0.559370999,-0.360885117,1.246034309,-0.766046861,-0.191445751,11.98737264,11,,,,,,,,,,,,,,,,,,,,,,,,,,,,,,,,,,,,,,,,,,,
1.830055037,-0.075558184,-0.553334724,1.155620342,1.052883517,-0.619991202,0.267658527,1.084551988,2.30565077,0.307484963,-0.766046861,0.242044082,-0.120142473,1,,,,,,,,,,,,,,,,,,,,,,,,,,,,,,,,,,,,,,,,,,,
1.179828489,-0.075558184,-0.616707011,0.626848855,1.366943843,-0.445129553,-0.752032296,0.456597777,0.812568438,-0.242461806,-0.766046861,-0.585171855,-0.146125298,1,,,,,,,,,,,,,,,,,,,,,,,,,,,,,,,,,,,,,,,,,,,
0.764636464,-0.075558184,-0.604999896,0.016624559,-0.059075339,-0.148527228,0.01861354,-0.792407315,-0.049010323,0.202665728,0.085366865,0.450861665,-0.146125298,1,,,,,,,,,,,,,,,,,,,,,,,,,,,,,,,,,,,,,,,,,,,
0.384709858,-0.075558184,-0.598554406,0.57303557,0.521214255,-0.871421746,-0.020928693,1.332705682,1.101983498,0.302173524,-0.766046861,-0.930853776,-0.146125298,1,,,,,,,,,,,,,,,,,,,,,,,,,,,,,,,,,,,,,,,,,,,
2.692094263,-0.075558184,-0.603391776,-0.001131492,1.720248416,-0.658527693,-0.033457125,1.629133169,0.824810805,1.131505903,-0.669302254,3.266170141,-0.146125298,1,,,,,,,,,,,,,,,,,,,,,,,,,,,,,,,,,,,,,,,,,,,
-0.804451617,-0.075558184,-0.616707011,-1.750323402,-0.641348465,-0.826544512,-0.561272142,-1.297978436,-0.946978348,-0.644638025,2.673887765,-1.687230143,-0.146125298,10,,,,,,,,,,,,,,,,,,,,,,,,,,,,,,,,,,,,,,,,,,,
1.521854954,-0.075558184,-0.61173599,-0.045439723,3.02233636,0.468604092,-0.282232805,0.879944766,2.728254039,0.994943972,-0.766046861,1.358967567,-0.068864369,1,,,,,,,,,,,,,,,,,,,,,,,,,,,,,,,,,,,,,,,,,,,
0.984510572,-0.075558184,-0.374777201,0.606148,1.076560129,-0.402152833,-0.015177937,1.267458102,2.802655519,1.464962156,-0.766046861,-0.53126562,-0.146125298,1,,,,,,,,,,,,,,,,,,,,,,,,,,,,,,,,,,,,,,,,,,,
2.504923202,-0.075558184,-0.616707011,0.018861239,0.685074698,-0.700368119,-0.719887275,0.211416123,0.945580102,0.203538364,-0.732502392,0.280421368,-0.146125298,1,,,,,,,,,,,,,,,,,,,,,,,,,,,,,,,,,,,,,,,,,,,
1.713763503,-0.075558184,-0.555499455,0.234816511,1.678417308,-0.424673618,0.559296914,-0.043937738,0.304693474,-0.176505089,-0.686713124,0.413099443,0.043629509,1,,,,,,,,,,,,,,,,,,,,,,,,,,,,,,,,,,,,,,,,,,,
0.881682634,-0.075558184,-0.485668194,0.438679296,2.955284964,-0.152193768,-0.334338354,2.6650197,1.521459789,0.444145068,-0.353001833,2.338458967,-0.10711707,1,,,,,,,,,,,,,,,,,,,,,,,,,,,,,,,,,,,,,,,,,,,
-0.467330031,0.04260353,-0.494397872,-0.798148566,0.630655487,0.075085623,0.413496005,-0.374566552,-0.778319415,2.682543609,2.316804102,-0.766491975,-0.146125298,10,,,,,,,,,,,,,,,,,,,,,,,,,,,,,,,,,,,,,,,,,,,
0.919229813,-0.075558184,-0.555659385,1.038597208,2.434464598,0.354143856,-0.126919715,6.682511696,4.333215476,-0.448430561,-0.766046861,1.252977624,-0.146125298,1,,,,,,,,,,,,,,,,,,,,,,,,,,,,,,,,,,,,,,,,,,,
3.732820921,-0.075558184,-0.616707011,-0.07429659,1.995203077,-0.979756336,-0.735513327,0.240604415,2.195584937,0.744400049,-0.766046861,-0.217987379,0.288284515,1,,,,,,,,,,,,,,,,,,,,,,,,,,,,,,,,,,,,,,,,,,,
0.905734662,-0.075558184,-0.598371278,0.172900176,2.956287887,-0.776082232,-0.981943855,0.063560676,1.763057791,2.132267936,-0.766046861,0.761007123,-0.146125298,1,,,,,,,,,,,,,,,,,,,,,,,,,,,,,,,,,,,,,,,,,,,
-0.465820539,-0.075558184,-0.616707011,-1.714195431,0.8721167,-0.493793479,-0.157349396,-0.704366543,-0.529501053,0.591738586,2.211532276,-0.928639489,-0.146125298,10,,,,,,,,,,,,,,,,,,,,,,,,,,,,,,,,,,,,,,,,,,,
0.822457272,-0.075558184,-0.616707011,0.76519953,0.290970826,-1.048232641,-1.297158289,0.38459999,0.257581131,-0.65465745,-0.766046861,0.09050218,-0.146125298,1,,,,,,,,,,,,,,,,,,,,,,,,,,,,,,,,,,,,,,,,,,,
1.088572576,-0.075558184,-0.207058064,0.24733205,1.877867459,-0.864463111,0.249506704,0.213938568,1.099130512,1.222261841,-0.516261189,0.334078498,-0.123769705,1,,,,,,,,,,,,,,,,,,,,,,,,,,,,,,,,,,,,,,,,,,,
-0.783656771,-0.075558184,-0.616707011,-1.72911432,0.087553041,-0.982051998,0.163852788,-1.679336579,-1.122632402,0.020370077,2.703833659,-1.592843748,-0.146125298,10,,,,,,,,,,,,,,,,,,,,,,,,,,,,,,,,,,,,,,,,,,,
0.895674271,-0.075558184,-0.595858156,0.472159907,0.467200499,-0.473744198,-0.568150084,3.309983767,3.115422119,-0.149794385,-0.766046861,0.015229721,-0.146125298,1,,,,,,,,,,,,,,,,,,,,,,,,,,,,,,,,,,,,,,,,,,,
0.837095358,-0.075558184,-0.616707011,0.234756665,1.230439804,0.071541877,-0.157349396,0.186606075,1.345111406,-0.656523312,-0.766046861,0.726761895,-0.040495122,1,,,,,,,,,,,,,,,,,,,,,,,,,,,,,,,,,,,,,,,,,,,
1.168569739,-0.075558184,-0.571946759,0.484219933,2.075458329,-0.491364066,-0.951099878,0.972785302,1.668289147,0.304079539,-0.766046861,1.786940264,-0.146125298,1,,,,,,,,,,,,,,,,,,,,,,,,,,,,,,,,,,,,,,,,,,,
1.193105249,-0.075558184,-0.574811096,0.723772439,0.530400371,-0.615372237,-0.47271154,0.535140817,2.195584937,0.053013244,-0.536503624,0.020887279,-0.146125298,1,,,,,,,,,,,,,,,,,,,,,,,,,,,,,,,,,,,,,,,,,,,
0.532561739,-0.075558184,-0.50807456,1.049208303,0.388898857,-0.281811007,0.776607724,0.225499984,0.549571574,2.017048638,-0.628004054,-0.409087106,-0.146125298,9,,,,,,,,,,,,,,,,,,,,,,,,,,,,,,,,,,,,,,,,,,,
2.159739022,-0.075558184,-0.616707011,0.667752086,0.49974171,-0.220810623,-1.198044472,-0.047386734,1.6450494,-0.16580152,-0.766046861,-0.074662584,-0.105885231,1,,,,,,,,,,,,,,,,,,,,,,,,,,,,,,,,,,,,,,,,,,,
-0.360703934,-0.075558184,-0.58563813,-1.392535902,1.479358934,-0.417384844,2.766508199,1.104577862,0.029056945,0.189352047,2.012880417,0.09050218,-0.146125298,6,,,,,,,,,,,,,,,,,,,,,,,,,,,,,,,,,,,,,,,,,,,
1.010920431,-0.075558184,0.050296234,1.065377465,1.520910966,-0.04254849,-0.048185577,3.065132992,3.138446961,-0.134616828,-0.766046861,0.67136135,-0.146125298,1,,,,,,,,,,,,,,,,,,,,,,,,,,,,,,,,,,,,,,,,,,,
-0.535401099,-0.075558184,-0.580035545,1.335194625,-0.471450965,-0.574214549,-0.299520854,-1.211154246,-0.653304498,3.066789672,-0.758941684,-1.565083815,-0.146125298,9,,,,,,,,,,,,,,,,,,,,,,,,,,,,,,,,,,,,,,,,,,,
-0.650601437,-0.075558184,-0.616707011,-1.713135384,-0.417879153,1.885549619,0.447705881,-0.864477901,-0.9218618,0.580283059,2.181501563,-1.639013837,-0.146125298,10,,,,,,,,,,,,,,,,,,,,,,,,,,,,,,,,,,,,,,,,,,,
1.199035316,-0.075558184,-0.481544102,0.540442183,1.807407858,-0.569715863,0.746958292,2.271311235,1.66555798,-0.455823505,-0.766046861,1.609710008,-0.146125298,1,,,,,,,,,,,,,,,,,,,,,,,,,,,,,,,,,,,,,,,,,,,
-0.218412493,-0.075558184,1.616039677,2.209297642,0.360651851,0.209007258,-0.12795123,-1.699674937,-0.219940351,0.284725171,-0.766046861,-1.312762086,-0.146125298,9,,,,,,,,,,,,,,,,,,,,,,,,,,,,,,,,,,,,,,,,,,,
1.235192868,-0.075558184,-0.612034999,0.719630542,0.490444221,-0.442675094,-0.692042355,0.419245541,1.29195376,-0.398655527,-0.766046861,-0.331497743,-0.146125298,1,,,,,,,,,,,,,,,,,,,,,,,,,,,,,,,,,,,,,,,,,,,
0.245941861,-0.075558184,-0.525890282,0.964546874,-0.438491938,-0.666133649,-0.757750401,0.36521597,1.163830201,0.402712379,-0.766046861,0.177993305,-0.146125298,1,,,,,,,,,,,,,,,,,,,,,,,,,,,,,,,,,,,,,,,,,,,
-0.593903796,-0.075558184,-0.460253004,-1.467859586,1.961137898,-0.983199829,0.214327417,-0.222238503,-0.766696915,0.862022072,1.849927319,-0.562649387,-0.146125298,6,,,,,,,,,,,,,,,,,,,,,,,,,,,,,,,,,,,,,,,,,,,
1.666590919,-0.075558184,-0.616707011,0.669196116,0.426751816,-0.074852244,-0.346417222,0.066581327,0.980596377,-0.522154696,-0.751014558,0.510636935,-0.051723245,1,,,,,,,,,,,,,,,,,,,,,,,,,,,,,,,,,,,,,,,,,,,
-0.774496282,-0.075558184,-0.616707011,-1.749723145,0.462270012,-1.128974338,-0.542792017,-1.19935133,-1.154371872,0.091687482,2.05553404,-2.17675958,-0.146125298,10,,,,,,,,,,,,,,,,,,,,,,,,,,,,,,,,,,,,,,,,,,,
1.710299287,-0.075558184,-0.03211495,1.525524208,2.063060914,-0.396621569,-0.041716609,2.308380865,1.667901818,-0.569156175,-0.766046861,2.494099944,-0.14129649,1,,,,,,,,,,,,,,,,,,,,,,,,,,,,,,,,,,,,,,,,,,,
1.521509712,-0.075558184,-0.566427601,1.459393073,1.377609179,0.110805575,0.491429978,2.928155405,1.935501895,0.599088089,-0.766046861,-0.102744033,-0.141517657,1,,,,,,,,,,,,,,,,,,,,,,,,,,,,,,,,,,,,,,,,,,,
1.54538911,-0.022499396,0.461536631,1.705368438,1.471854589,-0.224744204,-0.21524298,7.360599211,3.246396779,-0.027747636,-0.766046861,1.494893817,-0.109055009,1,,,,,,,,,,,,,,,,,,,,,,,,,,,,,,,,,,,,,,,,,,,
2.20599354,0.179192022,1.342044701,1.376142711,2.455082996,0.561049966,-0.104789038,5.607712193,2.896738688,0.807160873,-0.760076946,3.006820512,-0.146125298,1,,,,,,,,,,,,,,,,,,,,,,,,,,,,,,,,,,,,,,,,,,,
0.743183133,-0.075558184,-0.52022996,1.81065414,0.822195524,-0.41611101,-0.88766173,3.281563588,0.815145779,1.727164915,-0.766046861,1.44659182,-0.146125298,1,,,,,,,,,,,,,,,,,,,,,,,,,,,,,,,,,,,,,,,,,,,
1.218329616,-0.075558184,0.644903818,1.171024153,0.821481454,-0.259140255,-0.097539334,4.337030242,2.874351915,-0.182349788,-0.753003626,1.005380355,0.006856336,1,,,,,,,,,,,,,,,,,,,,,,,,,,,,,,,,,,,,,,,,,,,
0.547515819,-0.075558184,-0.416785517,1.447219789,2.026306066,0.618024112,-0.785788451,0.334514572,1.540723141,1.891352261,-0.766046861,2.233074335,-0.146125298,1,,,,,,,,,,,,,,,,,,,,,,,,,,,,,,,,,,,,,,,,,,,
-0.574150527,-0.075558184,-0.567779639,-1.525553133,0.668806926,-1.118146769,-0.252951306,-1.23903515,-1.089143512,2.063330982,2.4803836,-1.287092544,-0.146125298,10,,,,,,,,,,,,,,,,,,,,,,,,,,,,,,,,,,,,,,,,,,,
-0.414841755,-0.075558184,-0.605122004,1.629510378,-0.439591173,0.377096376,-0.951099878,-0.89427596,-0.568536566,3.361690276,-0.74534441,-0.992103222,-0.146125298,9,,,,,,,,,,,,,,,,,,,,,,,,,,,,,,,,,,,,,,,,,,,
2.397738547,-0.075558184,0.932765819,2.441303149,1.758283597,-0.07186534,-0.366010063,7.353769262,3.682437016,-0.435271321,-0.766046861,2.033361377,-0.080319173,1,,,,,,,,,,,,,,,,,,,,,,,,,,,,,,,,,,,,,,,,,,,
1.15102759,-0.075558184,0.498569721,2.278280109,2.069303621,-0.055054392,-1.105061407,4.968706527,2.906644259,-0.185922056,-0.766046861,2.19538546,-0.098418002,1,,,,,,,,,,,,,,,,,,,,,,,,,,,,,,,,,,,,,,,,,,,
0.378940073,-0.075558184,-0.194170232,1.049275465,2.810496366,-0.353040729,-0.542792017,1.344570486,0.445297426,0.98431602,-0.76123113,2.51792371,-0.146125298,1,,,,,,,,,,,,,,,,,,,,,,,,,,,,,,,,,,,,,,,,,,,
1.660850501,-0.075558184,0.155664342,1.598826119,1.255534111,-0.34476954,-0.377375538,6.528253019,4.226958566,-0.436114867,-0.749396994,1.824843515,-0.066324671,1,,,,,,,,,,,,,,,,,,,,,,,,,,,,,,,,,,,,,,,,,,,
-0.385323274,7.390853391,0.072821699,-1.328594419,2.069926696,-0.821577849,1.800947791,-0.316797809,-0.168400588,1.530688661,1.463947544,-0.362853301,-0.146125298,12,,,,,,,,,,,,,,,,,,,,,,,,,,,,,,,,,,,,,,,,,,,
0.899469471,-0.075558184,-0.269559822,0.78225908,0.859928839,-0.788185721,-0.015758229,1.871574698,0.76359897,0.285813322,-0.720715103,-0.466124525,-0.136886507,1,,,,,,,,,,,,,,,,,,,,,,,,,,,,,,,,,,,,,,,,,,,
-0.332437284,-0.075558184,-0.52293548,1.500887039,0.980060736,-0.273026489,0.37876625,-0.662640552,-0.380505881,2.156213262,-0.766046861,-1.211705959,-0.146125298,9,,,,,,,,,,,,,,,,,,,,,,,,,,,,,,,,,,,,,,,,,,,
-0.392869432,18.98176513,6.014892028,-1.569997906,-1.372551019,-1.003504559,0.739801532,-1.174524507,-0.317106538,-0.509248868,-0.766046861,-1.016981927,-0.146125298,12,,,,,,,,,,,,,,,,,,,,,,,,,,,,,,,,,,,,,,,,,,,
0.910238617,-0.075558184,-0.614384104,0.777555368,-0.329188263,-0.762204857,-0.53018408,-0.264052972,1.795619073,1.32392389,-0.766046861,-0.816290263,-0.146125298,1,,,,,,,,,,,,,,,,,,,,,,,,,,,,,,,,,,,,,,,,,,,
-0.783820351,-0.075558184,-0.616707011,-1.750323402,-0.919498819,-0.471841215,-0.37416087,-1.514341649,-0.743742476,2.275212873,1.672225065,-2.160336947,-0.146125298,10,,,,,,,,,,,,,,,,,,,,,,,,,,,,,,,,,,,,,,,,,,,
1.379265409,-0.075558184,-0.293866818,0.706168537,0.427296428,-0.274712757,-0.211311363,3.120515906,1.980218205,-0.034693593,-0.762807187,0.724134274,0.491009094,1,,,,,,,,,,,,,,,,,,,,,,,,,,,,,,,,,,,,,,,,,,,
-0.035426514,2.886931421,0.904277004,0.306103486,0.3504142,-0.775819357,0.386297286,-1.339048529,-0.877243662,-0.399786226,-0.313224341,-0.913932653,-0.146125298,12,,,,,,,,,,,,,,,,,,,,,,,,,,,,,,,,,,,,,,,,,,,
1.325872847,-0.075558184,-0.581035333,1.339199618,0.774534155,0.183378856,0.420814536,2.880523281,3.05110793,-0.625632925,-0.598590741,0.81580906,-0.139139175,1,,,,,,,,,,,,,,,,,,,,,,,,,,,,,,,,,,,,,,,,,,,
2.27272839,0.056888059,-0.288119035,1.695618757,2.003260648,-0.110093071,0.529135647,4.545296473,3.497058636,-0.320287929,-0.732643299,2.164046101,0.26805525,1,,,,,,,,,,,,,,,,,,,,,,,,,,,,,,,,,,,,,,,,,,,
1.511869852,-0.075558184,-0.419802935,1.345693308,-0.082772855,-0.810533284,-0.089771793,1.166290251,1.720729487,-0.400706317,-0.766046861,0.450861665,-0.146125298,1,,,,,,,,,,,,,,,,,,,,,,,,,,,,,,,,,,,,,,,,,,,
2.384613528,-0.075558184,-0.616707011,0.579682005,0.776917851,-0.875242401,-0.355955326,1.015542431,2.171003918,-0.684511247,-0.766046861,-0.295302536,-0.146125298,1,,,,,,,,,,,,,,,,,,,,,,,,,,,,,,,,,,,,,,,,,,,
0.574129087,-0.075558184,-0.259079606,1.051728314,2.478732563,-0.439103265,-0.444351635,3.115336209,1.667244195,0.497505827,-0.766046861,1.063343163,-0.146125298,1,,,,,,,,,,,,,,,,,,,,,,,,,,,,,,,,,,,,,,,,,,,
-0.790029284,-0.075558184,-0.616707011,-1.750323402,-0.189411677,-0.904298939,-0.534412829,-1.293261488,-1.19163125,0.852634814,3.06859836,-1.834026374,-0.146125298,10,,,,,,,,,,,,,,,,,,,,,,,,,,,,,,,,,,,,,,,,,,,
1.458515703,-0.075558184,-0.494844604,1.16335927,0.542306647,-0.522941973,-0.746739811,3.155466288,3.352324746,-0.478433093,-0.766046861,1.032509862,-0.146125298,1,,,,,,,,,,,,,,,,,,,,,,,,,,,,,,,,,,,,,,,,,,,
-0.061286827,-0.075558184,-0.616707011,1.860422821,-0.745151339,-0.234431549,-1.120955948,-1.519341496,-1.059153462,1.79501247,-0.766046861,-1.476060581,-0.146125298,9,,,,,,,,,,,,,,,,,,,,,,,,,,,,,,,,,,,,,,,,,,,
-0.088178904,-0.075558184,-0.190280693,1.926053979,-0.338651758,-0.065837696,0.120698907,-0.864094458,0.23465395,2.184529827,-0.766046861,-1.185885614,-0.146125298,9,,,,,,,,,,,,,,,,,,,,,,,,,,,,,,,,,,,,,,,,,,,
-0.012401315,-0.075558184,1.188447623,1.032142704,3.409196702,-0.089350926,0.930382746,-0.381749339,0.593450817,2.962458987,-0.598423786,-0.350785495,-0.146125298,9,,,,,,,,,,,,,,,,,,,,,,,,,,,,,,,,,,,,,,,,,,,
1.505968381,-0.075558184,-0.616707011,0.178370873,0.395864473,-0.650924612,-0.311038542,0.267945347,1.553928997,0.495091641,-0.766046861,0.929820474,-0.146125298,1,,,,,,,,,,,,,,,,,,,,,,,,,,,,,,,,,,,,,,,,,,,
-0.572703809,-0.075558184,-0.58563813,-1.489661779,-0.511994113,3.697539315,1.490417808,-0.785364053,-0.711606263,2.146188492,1.828045447,-0.849810851,-0.03295011,10,,,,,,,,,,,,,,,,,,,,,,,,,,,,,,,,,,,,,,,,,,,
-0.194365571,-0.075558184,-0.616707011,-0.069372803,-0.935712534,-1.40039217,-1.624996298,-1.503957353,-0.846743161,-0.548446825,-0.766046861,-1.610810389,-0.146125298,2,,,,,,,,,,,,,,,,,,,,,,,,,,,,,,,,,,,,,,,,,,,
0.220095723,-0.075558184,-0.443190242,0.527618114,3.44586552,-0.731565001,-0.844600861,-0.411451017,0.144550974,4.757610683,-0.766046861,1.491994611,0.093037364,1,,,,,,,,,,,,,,,,,,,,,,,,,,,,,,,,,,,,,,,,,,,
-0.644807721,-0.075558184,-0.616707011,-0.731025893,0.017690555,0.583005545,0.342419426,-1.260366404,-0.800934043,2.028895327,0.872118095,-1.36620523,-0.146125298,10,,,,,,,,,,,,,,,,,,,,,,,,,,,,,,,,,,,,,,,,,,,
0.309619479,-0.075558184,-0.615597408,0.325322591,-0.889387634,-0.804630154,-1.024595293,-0.685081421,0.090268781,0.335848895,-0.766046861,0.619780173,-0.146125298,2,,,,,,,,,,,,,,,,,,,,,,,,,,,,,,,,,,,,,,,,,,,
0.240269624,-0.075558184,-0.406879497,0.200772982,0.657774519,-0.222786889,-0.081936709,0.397121344,-0.148368665,2.515686021,-0.528210633,-0.143209225,-0.146125298,9,,,,,,,,,,,,,,,,,,,,,,,,,,,,,,,,,,,,,,,,,,,
1.522882832,-0.075558184,-0.295426539,-0.031405495,-0.05722397,-0.740903185,0.000331676,1.958733429,1.676211789,-0.684511247,-0.766046861,0.988329646,-0.146125298,1,,,,,,,,,,,,,,,,,,,,,,,,,,,,,,,,,,,,,,,,,,,
0.765360517,-0.075558184,-0.556881352,1.54785176,0.894501682,-0.864183123,-0.536517369,0.029634155,-0.164543278,2.363075462,-0.572796543,-0.561078052,-0.146125298,9,,,,,,,,,,,,,,,,,,,,,,,,,,,,,,,,,,,,,,,,,,,
0.250070389,-0.075558184,0.722007802,1.776361507,1.790380797,-0.973130883,1.094119367,-0.333555154,-0.485432405,-0.683377559,-0.766046861,2.606176306,-0.146125298,1,,,,,,,,,,,,,,,,,,,,,,,,,,,,,,,,,,,,,,,,,,,
1.350626129,-0.075558184,-0.467857232,1.512795991,0.640101795,-0.820772046,-0.853105991,3.779478704,2.162133785,0.201109239,-0.76281906,0.245996279,-0.139304947,1,,,,,,,,,,,,,,,,,,,,,,,,,,,,,,,,,,,,,,,,,,,
-0.720688035,-0.075558184,-0.616707011,-1.740154342,-0.28716393,1.768960788,0.148737391,-1.029944772,-1.137568623,-0.365778059,2.627112446,-0.615643429,-0.146125298,8,,,,,,,,,,,,,,,,,,,,,,,,,,,,,,,,,,,,,,,,,,,
-0.745629197,-0.075558184,-0.616707011,-1.738883209,-0.419416979,2.312222345,0.046708462,-1.22052715,-0.885519889,0.352688695,2.532954593,-1.496669375,-0.146125298,10,,,,,,,,,,,,,,,,,,,,,,,,,,,,,,,,,,,,,,,,,,,
1.583121274,-0.075558184,-0.481738012,0.185463696,0.549413494,-0.687363796,0.463840689,0.150188589,0.935561522,0.141952945,-0.752027279,0.201543184,-0.143317851,1,,,,,,,,,,,,,,,,,,,,,,,,,,,,,,,,,,,,,,,,,,,
0.537801418,-0.075558184,-0.426638563,0.303906277,1.30813847,-0.43143082,-0.106334931,1.447626143,1.924823494,0.118742485,-0.766046861,0.068310925,-0.074003854,1,,,,,,,,,,,,,,,,,,,,,,,,,,,,,,,,,,,,,,,,,,,
0.942486101,-0.075558184,-0.545284296,-0.284868267,1.315074154,-0.599784767,0.02208079,1.407465105,1.672629905,2.289029905,-0.671392827,1.030750491,-0.146125298,1,,,,,,,,,,,,,,,,,,,,,,,,,,,,,,,,,,,,,,,,,,,
-0.665190304,0.190684513,-0.470628764,-1.423341274,1.09337228,0.44911175,0.359955174,-0.820415608,-0.507888979,3.159950777,2.437566715,-1.181029424,-0.146125298,10,,,,,,,,,,,,,,,,,,,,,,,,,,,,,,,,,,,,,,,,,,,
-0.352994848,-0.075558184,-0.572645689,1.691048472,1.184451812,-0.208414051,-1.134972043,-0.976812715,-0.193531547,3.077067209,-0.766046861,-0.29442727,-0.146125298,9,,,,,,,,,,,,,,,,,,,,,,,,,,,,,,,,,,,,,,,,,,,
0.907454202,-0.075558184,-0.521443543,0.20200114,1.036748993,-0.771227079,-0.719397259,0.323389327,1.593691177,0.204003292,-0.758290132,-0.433557193,-0.130877537,1,,,,,,,,,,,,,,,,,,,,,,,,,,,,,,,,,,,,,,,,,,,
0.655741724,-0.075558184,-0.539668867,0.372675521,0.974638116,-1.114966117,-0.192747187,-0.06795753,0.466284341,1.751695694,-0.70433134,-0.176549939,-0.146125298,9,,,,,,,,,,,,,,,,,,,,,,,,,,,,,,,,,,,,,,,,,,,
0.440979127,-0.075558184,0.050712441,0.314531911,3.274904628,-0.465804732,-0.011066955,0.422767491,1.822637471,2.375952578,-0.609153175,1.400604283,-0.146125298,1,,,,,,,,,,,,,,,,,,,,,,,,,,,,,,,,,,,,,,,,,,,
0.26789252,-0.075558184,-0.616707011,-0.037224091,0.055434444,-0.738121559,-0.768551266,-0.273665494,0.812568438,0.330944343,-0.766046861,-0.420007091,-0.013907935,7,,,,,,,,,,,,,,,,,,,,,,,,,,,,,,,,,,,,,,,,,,,
1.58009492,-0.075558184,-0.134846256,-0.012613228,2.597449736,-1.036411531,1.249879795,2.237524175,0.953009178,2.658832407,-0.766046861,-0.917484493,-0.146125298,1,,,,,,,,,,,,,,,,,,,,,,,,,,,,,,,,,,,,,,,,,,,
-0.503416045,-0.075558184,-0.443933722,-1.559529504,1.001496874,-0.926004261,0.984876907,-0.33888997,-0.854782239,1.130199149,2.161672336,-0.971899107,-0.068834925,10,,,,,,,,,,,,,,,,,,,,,,,,,,,,,,,,,,,,,,,,,,,
0.482156174,-0.075558184,-0.609363457,0.308056236,0.550839478,-0.379712143,0.126476534,0.201332895,0.897152065,-0.325451486,-0.766046861,-0.839061492,3.555046307,11,,,,,,,,,,,,,,,,,,,,,,,,,,,,,,,,,,,,,,,,,,,
2.439942897,-0.075558184,-0.515380093,-0.10949348,0.683693677,-0.763442408,-0.393871004,0.559685518,2.513700991,-0.265455531,-0.766046861,-0.140353115,-0.142695747,1,,,,,,,,,,,,,,,,,,,,,,,,,,,,,,,,,,,,,,,,,,,
-0.73416634,-0.075558184,-0.616707011,-1.725112606,-0.457489826,5.420130709,0.210573106,-1.592066533,-1.284215159,0.3834405,3.162157313,-1.460135604,-0.146125298,10,,,,,,,,,,,,,,,,,,,,,,,,,,,,,,,,,,,,,,,,,,,
2.550761013,-0.075558184,-0.608421976,0.146680948,0.777032268,-0.740640228,-1.105538243,0.989381403,2.764817908,0.004215856,-0.766046861,-0.495081983,-0.146125298,1,,,,,,,,,,,,,,,,,,,,,,,,,,,,,,,,,,,,,,,,,,,
1.578485725,-0.075558184,-0.495109839,0.731946472,2.251866582,-0.667942167,-0.516209767,0.575766528,1.367274312,1.959866054,-0.766046861,0.206221066,-0.143523569,1,,,,,,,,,,,,,,,,,,,,,,,,,,,,,,,,,,,,,,,,,,,
-0.288560693,-0.075558184,0.124772697,1.449781301,0.669203265,-0.218281969,-0.597444328,-1.339048529,-0.237717024,2.521652906,-0.766046861,-1.149242019,-0.146125298,9,,,,,,,,,,,,,,,,,,,,,,,,,,,,,,,,,,,,,,,,,,,
0.377316918,-0.075558184,-0.572845061,0.558234935,0.374101313,-1.135552662,0.615155353,-0.249464557,0.979640742,-0.671340454,-0.766046861,-0.185066838,-0.146125298,1,,,,,,,,,,,,,,,,,,,,,,,,,,,,,,,,,,,,,,,,,,,
1.397442298,-0.075558184,-0.556301312,0.424757157,1.655619531,-0.578727458,-0.900703022,-0.218475553,2.035610769,0.285061033,-0.766046861,-0.175372806,-0.146125298,1,,,,,,,,,,,,,,,,,,,,,,,,,,,,,,,,,,,,,,,,,,,
0.367084647,-0.075558184,-0.606464523,2.160001658,2.059964351,-0.846860236,0.166676544,-0.874965695,0.142063411,0.016724925,-0.748511056,0.381561764,-0.146125298,1,,,,,,,,,,,,,,,,,,,,,,,,,,,,,,,,,,,,,,,,,,,
1.582725055,-0.075558184,-0.16642104,0.682049715,1.591554035,-0.358984292,0.38913432,2.69641935,5.791354655,0.831284637,-0.766046861,1.055574499,-0.146125298,1,,,,,,,,,,,,,,,,,,,,,,,,,,,,,,,,,,,,,,,,,,,
0.765498909,-0.075558184,-0.616707011,-0.326102985,0.481991958,-0.627070226,-1.252817897,0.41112549,0.950456152,-0.526011153,-0.766046861,-0.835289787,-0.146125298,7,,,,,,,,,,,,,,,,,,,,,,,,,,,,,,,,,,,,,,,,,,,
1.060654897,-0.075558184,-0.616707011,0.254801915,0.795351765,-0.60836931,-0.350070706,0.427265345,1.903197091,0.411233682,-0.766046861,-0.600186833,-0.146125298,1,,,,,,,,,,,,,,,,,,,,,,,,,,,,,,,,,,,,,,,,,,,
-0.305002006,-0.075558184,1.322813562,1.668546536,1.266809392,0.237011812,-0.004306002,-1.029944772,-0.00334932,1.110667827,-0.766046861,-0.476534069,-0.146125298,9,,,,,,,,,,,,,,,,,,,,,,,,,,,,,,,,,,,,,,,,,,,
1.674494864,-0.075558184,-0.503083675,-0.269780821,1.415121739,-0.44453924,0.189548963,2.153688477,1.204324185,0.732477916,-0.766046861,0.766176214,-0.146125298,1,,,,,,,,,,,,,,,,,,,,,,,,,,,,,,,,,,,,,,,,,,,
0.422686079,-0.075558184,-0.599841047,-0.86681363,2.988933019,0.855329927,0.685118047,0.734303528,0.17596535,1.154695906,0.696590881,0.315726858,-0.146125298,1,,,,,,,,,,,,,,,,,,,,,,,,,,,,,,,,,,,,,,,,,,,
-0.401209752,-0.075558184,-0.475776005,0.069086648,1.184662524,1.285990627,1.68443055,-1.073169641,-0.556557315,0.662372055,1.162694249,-0.751884554,-0.146125298,5,,,,,,,,,,,,,,,,,,,,,,,,,,,,,,,,,,,,,,,,,,,
1.252133761,-0.075558184,0.164067472,1.302218565,0.397101844,-1.028863531,-0.986888949,-1.105441173,0.398102214,-0.062773469,-0.766046861,-0.691582355,-0.146125298,1,,,,,,,,,,,,,,,,,,,,,,,,,,,,,,,,,,,,,,,,,,,
-0.517703038,-0.075558184,-0.152545418,1.785262924,-0.260075956,0.985440596,-0.303631836,-1.450909864,0.170655408,0.565571553,-0.561681561,-1.714551506,-0.146125298,9,,,,,,,,,,,,,,,,,,,,,,,,,,,,,,,,,,,,,,,,,,,
0.128996678,-0.075558184,-0.530217964,2.134669991,1.748460698,-0.953325206,0.545822953,-1.043680439,-0.374610293,0.568743093,-0.27619112,-0.316119672,-0.146125298,1,,,,,,,,,,,,,,,,,,,,,,,,,,,,,,,,,,,,,,,,,,,
1.408015249,-0.075558184,-0.611927183,0.254535135,0.539135032,-0.637879353,0.242917941,1.588255305,2.13432554,-0.242445403,-0.766046861,0.127462127,-0.146125298,1,,,,,,,,,,,,,,,,,,,,,,,,,,,,,,,,,,,,,,,,,,,
2.433141396,-0.075558184,-0.359815325,0.938360854,1.719709513,-0.238920158,-0.727752737,0.979910553,3.552229431,1.024368195,-0.766046861,-0.755375202,-0.10156415,1,,,,,,,,,,,,,,,,,,,,,,,,,,,,,,,,,,,,,,,,,,,
-0.659522805,-0.033966313,-0.616707011,-1.743377571,1.425827939,-0.092319166,-0.32253909,-1.405059294,-1.154371872,2.923533394,2.53757626,-1.426010653,-0.146125298,10,,,,,,,,,,,,,,,,,,,,,,,,,,,,,,,,,,,,,,,,,,,
1.658421671,-0.075558184,-0.553350862,0.388569002,-0.154910881,0.089751874,-0.395416897,-0.140560341,1.046853738,-0.265680033,-0.766046861,1.007299105,-0.146125298,1,,,,,,,,,,,,,,,,,,,,,,,,,,,,,,,,,,,,,,,,,,,
1.615196348,-0.075558184,-0.550854492,-0.209137336,1.912261771,-0.435235395,-0.081936709,0.991885673,3.701767069,0.261724327,-0.766046861,1.479061282,-0.146125298,1,,,,,,,,,,,,,,,,,,,,,,,,,,,,,,,,,,,,,,,,,,,
-0.762353309,-0.055245875,-0.616707011,-1.72946796,0.889273073,-0.518808849,-0.278360451,-1.417019059,-0.9218618,2.458468758,2.433716595,-1.822336249,-0.146125298,10,,,,,,,,,,,,,,,,,,,,,,,,,,,,,,,,,,,,,,,,,,,
-0.77504293,-0.075558184,-0.616707011,-1.697941477,-0.344082964,-0.840273102,-0.837972758,-1.618578952,-0.962729755,1.084609663,2.503898598,-1.764322828,-0.146125298,10,,,,,,,,,,,,,,,,,,,,,,,,,,,,,,,,,,,,,,,,,,,
0.547049116,-0.075558184,-0.616707011,0.136793575,0.623540608,-0.696954079,-0.57450565,2.345856169,1.120022315,0.718995121,-0.766046861,0.051729324,-0.146125298,1,,,,,,,,,,,,,,,,,,,,,,,,,,,,,,,,,,,,,,,,,,,
-0.146685013,-0.075558184,-0.434732137,1.769824024,1.126054362,0.069033046,0.189548963,-1.302205312,0.224934819,2.4008787,-0.766046861,-1.260845889,-0.141813862,9,,,,,,,,,,,,,,,,,,,,,,,,,,,,,,,,,,,,,,,,,,,
-0.42494632,-0.075558184,-0.341041305,1.478099099,1.143573597,-0.364685995,-1.008827185,-1.133898796,-0.380505881,1.36725882,-0.766046861,-1.842335058,-0.146125298,9,,,,,,,,,,,,,,,,,,,,,,,,,,,,,,,,,,,,,,,,,,,
0.50558575,-0.030602265,0.736921482,0.793636581,2.798740539,0.003867124,0.420814536,1.934669998,0.609969266,5.364394911,0.159500691,-0.167402158,11.25719953,1,,,,,,,,,,,,,,,,,,,,,,,,,,,,,,,,,,,,,,,,,,,
2.122274494,0.018023525,-0.57774762,0.88274701,1.051110967,-0.68066443,-0.350070706,1.337713554,1.824604117,-0.115512087,-0.766046861,0.300711879,-0.146125298,1,,,,,,,,,,,,,,,,,,,,,,,,,,,,,,,,,,,,,,,,,,,
1.170902179,-0.075558184,-0.616707011,-0.12024641,0.126996933,-0.790183021,-1.344106939,-0.61200096,0.183697372,-0.226098334,-0.766046861,-0.835289787,-0.146125298,1,,,,,,,,,,,,,,,,,,,,,,,,,,,,,,,,,,,,,,,,,,,
0.011810132,-0.075558184,-0.616707011,-1.334731148,1.760396663,-0.474054889,0.090435146,-0.299378989,0.518751628,-0.319068783,1.128740246,-0.22481237,-0.146125298,6,,,,,,,,,,,,,,,,,,,,,,,,,,,,,,,,,,,,,,,,,,,
1.206412601,-0.075558184,0.315729281,1.654677572,1.14479021,-0.229075005,-0.239944243,3.737639796,2.865205318,2.386698147,-0.747518803,1.971128242,-0.146125298,1,,,,,,,,,,,,,,,,,,,,,,,,,,,,,,,,,,,,,,,,,,,
1.184053916,-0.075558184,-0.616707011,-0.014008729,0.547257367,-0.673605017,-0.532857928,0.886357765,3.578081298,-0.366891466,-0.766046861,0.743421556,-0.146125298,1,,,,,,,,,,,,,,,,,,,,,,,,,,,,,,,,,,,,,,,,,,,
0.595328378,-0.075558184,-0.390287222,-0.007966317,2.546312346,0.040649505,-0.276150204,1.986304188,1.565222458,1.827501763,2.032534873,-0.110657396,-0.146125298,1,,,,,,,,,,,,,,,,,,,,,,,,,,,,,,,,,,,,,,,,,,,
1.227881794,-0.075558184,-0.348271881,0.251341767,-0.084816766,-0.362131549,0.120169291,0.629392466,0.925198215,0.377239053,-0.766046861,-0.242830344,-0.146125298,1,,,,,,,,,,,,,,,,,,,,,,,,,,,,,,,,,,,,,,,,,,,
2.565350252,-0.075558184,-0.614702567,1.320003011,0.960280955,-0.610969414,-0.32520344,0.449630249,1.125341171,0.224970241,-0.715460496,1.549376869,0.841054407,1,,,,,,,,,,,,,,,,,,,,,,,,,,,,,,,,,,,,,,,,,,,
2.027116238,-0.075558184,-0.476785289,0.515927646,-0.182027514,-0.831810032,-0.793745665,-0.116794673,0.397208704,0.487357683,-0.766046861,-0.150277584,-0.124413031,1,,,,,,,,,,,,,,,,,,,,,,,,,,,,,,,,,,,,,,,,,,,
1.099041706,-0.075558184,-0.599062955,0.523183511,2.433003713,-0.190048759,-0.692686369,-0.159383292,0.168106053,0.847430831,-0.766046861,-0.833753166,5.457676606,11,,,,,,,,,,,,,,,,,,,,,,,,,,,,,,,,,,,,,,,,,,,
1.786171301,-0.075558184,0.170710853,0.307160949,1.813708269,-0.35473425,0.496639313,2.400538033,2.830752755,0.935669013,-0.752159469,2.311734415,-0.146125298,1,,,,,,,,,,,,,,,,,,,,,,,,,,,,,,,,,,,,,,,,,,,
-0.403684731,0.135321145,-0.592447748,1.106538342,1.098775553,-0.527102192,0.626735936,-1.564271622,-0.54784364,0.908270628,-0.196210282,-1.039323534,-0.146125298,9,,,,,,,,,,,,,,,,,,,,,,,,,,,,,,,,,,,,,,,,,,,
1.233289327,-0.075558184,-0.593472891,0.463591615,1.120468518,-1.021198018,0.400704486,-0.416766686,0.139770526,-0.609746955,-0.766046861,-0.344279373,-0.146125298,1,,,,,,,,,,,,,,,,,,,,,,,,,,,,,,,,,,,,,,,,,,,
0.658465834,-0.069492703,-0.58563813,-0.177049682,4.178213311,-0.10396145,0.517175191,0.000611791,1.46413442,4.360158537,-0.378325746,0.056718478,-0.146125298,1,,,,,,,,,,,,,,,,,,,,,,,,,,,,,,,,,,,,,,,,,,,
-0.343406432,-0.075558184,-0.146500367,1.877128482,0.3504142,-0.476081337,-1.063427198,-1.40352416,-0.621433007,2.011019299,-0.766046861,-0.772747034,-0.146125298,9,,,,,,,,,,,,,,,,,,,,,,,,,,,,,,,,,,,,,,,,,,,
0.404927155,0.375244025,0.313354969,0.23168664,4.692945495,-0.220855056,-0.772814226,1.099932844,0.660921053,4.350668721,-0.664365726,1.400195792,0.09077187,1,,,,,,,,,,,,,,,,,,,,,,,,,,,,,,,,,,,,,,,,,,,
2.060472217,-0.075558184,-0.549345278,0.43794819,1.264761225,-0.563855597,-0.448989609,0.431748983,1.411469369,-0.273559197,-0.766046861,0.590381377,-0.135442094,1,,,,,,,,,,,,,,,,,,,,,,,,,,,,,,,,,,,,,,,,,,,
1.19616441,-0.075558184,-0.577971783,0.082253567,2.369920048,-0.47673813,-1.261116901,0.436962017,1.097481709,-0.453047391,-0.766046861,2.088859324,0.410441861,1,,,,,,,,,,,,,,,,,,,,,,,,,,,,,,,,,,,,,,,,,,,
1.762773786,-0.075558184,-0.61116241,0.267382482,1.871205824,-0.867784561,-0.226729067,0.260542264,1.481566713,0.580095605,-0.766046861,-0.150661476,-0.146125298,1,,,,,,,,,,,,,,,,,,,,,,,,,,,,,,,,,,,,,,,,,,,
2.207820039,-0.075558184,-0.616707011,0.507208042,0.208785002,-1.056120843,0.199751856,-0.013505422,1.760991817,0.098821661,-0.766046861,-0.708383002,-0.146125298,1,,,,,,,,,,,,,,,,,,,,,,,,,,,,,,,,,,,,,,,,,,,
1.277319588,-0.053276825,-0.467069136,1.350494251,0.366678948,-0.707228514,-0.192747187,0.284684693,2.320128499,0.533249514,-0.766046861,-0.047850123,-0.146125298,1,,,,,,,,,,,,,,,,,,,,,,,,,,,,,,,,,,,,,,,,,,,
0.480352879,-0.075558184,-0.616707011,0.051395513,-0.52382728,-0.940609265,0.603392619,-0.934096325,-0.237268233,-0.449216187,-0.766046861,2.608277002,-0.146125298,2,,,,,,,,,,,,,,,,,,,,,,,,,,,,,,,,,,,,,,,,,,,
1.440285478,-0.075558184,-0.616707011,0.125668522,0.612156801,-0.984085298,-0.603361571,-0.438231865,0.46978216,0.450359532,-0.766046861,-0.359947177,-0.146125298,1,,,,,,,,,,,,,,,,,,,,,,,,,,,,,,,,,,,,,,,,,,,
1.622761561,-0.075558184,-0.616707011,0.215710962,0.073412778,-0.862547653,-0.582790779,0.28135788,2.311218959,-0.674372222,-0.766046861,0.302128387,-0.146125298,1,,,,,,,,,,,,,,,,,,,,,,,,,,,,,,,,,,,,,,,,,,,
1.602009098,-0.075558184,-0.554569249,0.070630639,-0.66559097,-0.59790372,2.023645236,-0.422345507,0.222995434,-0.211432014,-0.766046861,2.167921092,-0.146125298,1,,,,,,,,,,,,,,,,,,,,,,,,,,,,,,,,,,,,,,,,,,,
1.012072067,-0.075558184,-0.559432204,1.082367897,0.690358604,-0.360047488,-0.02160656,0.240604415,0.050348019,0.08610612,-0.539574236,0.944397481,-0.146125298,1,,,,,,,,,,,,,,,,,,,,,,,,,,,,,,,,,,,,,,,,,,,
-0.249058562,-0.075558184,-0.503539914,1.74313237,-0.186681167,-0.75183177,-0.690293802,-0.254128983,-0.271872748,1.387158824,-0.736991051,-0.517981923,-0.13600908,9,,,,,,,,,,,,,,,,,,,,,,,,,,,,,,,,,,,,,,,,,,,
0.73800846,-0.075558184,-0.599146339,-0.076076008,1.472376631,-0.653972017,2.331269265,0.005829022,0.273904287,-0.622694417,-0.664117049,0.587954947,-0.146125298,1,,,,,,,,,,,,,,,,,,,,,,,,,,,,,,,,,,,,,,,,,,,
1.454849092,-0.075558184,-0.603464537,0.979439001,1.002845315,-0.775404823,0.581942188,0.541578772,0.259855669,0.76003325,-0.641383289,0.87731167,-0.146125298,1,,,,,,,,,,,,,,,,,,,,,,,,,,,,,,,,,,,,,,,,,,,
2.672258017,-0.071727354,-0.616707011,0.04855219,1.685030656,-0.913061327,-0.613794605,0.164817271,0.815145779,0.73197287,-0.738569541,-0.102321755,-0.146125298,1,,,,,,,,,,,,,,,,,,,,,,,,,,,,,,,,,,,,,,,,,,,
2.841941564,-0.075558184,-0.616707011,1.02256041,1.974681884,-0.734148208,-0.554401734,-0.33190811,2.462780521,0.268292475,-0.766046861,-0.024009645,-0.146125298,1,,,,,,,,,,,,,,,,,,,,,,,,,,,,,,,,,,,,,,,,,,,
0.495283966,-0.075558184,-0.593743055,0.722996612,0.15272121,-0.799496998,-1.137714323,0.099739179,0.534719933,-0.572559508,-0.766046861,-0.645884594,0.116309921,1,,,,,,,,,,,,,,,,,,,,,,,,,,,,,,,,,,,,,,,,,,,
2.212940074,-0.075558184,-0.616707011,0.199955665,0.809568669,-0.965646416,-0.650903971,0.258164851,0.176363476,0.795800212,-0.766046861,-1.266705393,-0.146125298,1,,,,,,,,,,,,,,,,,,,,,,,,,,,,,,,,,,,,,,,,,,,
0.819110384,-0.075558184,0.074645562,0.298662139,0.826859498,-0.292546945,-0.079219135,2.011360804,3.006930018,-0.189906444,-0.766046861,1.246249717,-0.146125298,1,,,,,,,,,,,,,,,,,,,,,,,,,,,,,,,,,,,,,,,,,,,
-0.783656771,-0.031077989,-0.616707011,-1.747522203,0.212458698,-0.973634572,-0.863994201,-1.439343954,-0.995674521,1.241887949,2.162793515,-2.17675958,-0.146125298,10,,,,,,,,,,,,,,,,,,,,,,,,,,,,,,,,,,,,,,,,,,,
-0.726076558,-0.075558184,-0.616707011,-1.675491357,-0.203893492,0.590476173,-0.47855158,-1.359346413,-0.614800879,3.087018474,2.09092237,-1.592843748,-0.146125298,10,,,,,,,,,,,,,,,,,,,,,,,,,,,,,,,,,,,,,,,,,,,
0.596324072,-0.075558184,-0.434732137,0.974912192,0.001903448,-0.639342522,0.090435146,-0.314807087,1.498140995,0.173998666,-0.587333187,0.360771793,-0.146125298,1,,,,,,,,,,,,,,,,,,,,,,,,,,,,,,,,,,,,,,,,,,,
1.553989672,-0.075558184,-0.048746067,0.051205958,1.803362331,-0.815918595,-0.309497799,1.187943721,1.987835678,1.088647185,-0.765355608,0.727453375,-0.146125298,1,,,,,,,,,,,,,,,,,,,,,,,,,,,,,,,,,,,,,,,,,,,
1.691145082,-0.075558184,-0.616707011,0.762862404,1.098775553,-0.722390662,-0.561272142,-1.150037777,-0.031316372,-0.01586798,-0.766046861,-1.536051934,-0.146125298,1,,,,,,,,,,,,,,,,,,,,,,,,,,,,,,,,,,,,,,,,,,,
2.390328675,-0.075558184,-0.616707011,0.055801383,0.836986984,-0.77686949,-0.391740179,0.065474662,0.412871697,1.333040647,-0.766046861,-1.125711082,-0.146125298,1,,,,,,,,,,,,,,,,,,,,,,,,,,,,,,,,,,,,,,,,,,,
-0.691338082,-0.075558184,-0.616707011,-1.703175939,-0.457489826,0.057047904,0.000331676,-1.330256398,-1.0764659,0.394974922,2.312638386,-1.507910536,-0.146125298,10,,,,,,,,,,,,,,,,,,,,,,,,,,,,,,,,,,,,,,,,,,,
1.570261592,-0.075558184,-0.257473076,0.031427093,1.012635564,-0.469258596,-0.482566607,1.928052554,3.380404933,0.372033297,-0.689398748,0.253790071,-0.042381375,1,,,,,,,,,,,,,,,,,,,,,,,,,,,,,,,,,,,,,,,,,,,
-0.325494598,-0.075558184,0.819002323,1.158964542,1.172260063,0.583226715,1.029408147,-1.313032047,0.303973259,2.574266412,-0.766046861,-1.098051911,-0.146125298,9,,,,,,,,,,,,,,,,,,,,,,,,,,,,,,,,,,,,,,,,,,,
0.781996381,-0.075558184,-0.58102394,0.18316992,2.384085766,-0.768100886,-0.243215326,-0.122948768,1.07147632,1.315102005,-0.171904355,-0.985224402,-0.146125298,1,,,,,,,,,,,,,,,,,,,,,,,,,,,,,,,,,,,,,,,,,,,
1.798079287,-0.075558184,-0.588528258,0.18194591,2.196425298,-0.531301519,0.609053955,-0.010550657,1.110940548,1.504015089,-0.529180065,-0.64907281,-0.146125298,1,,,,,,,,,,,,,,,,,,,,,,,,,,,,,,,,,,,,,,,,,,,
1.319674021,-0.075558184,-0.615889409,0.263033511,-0.168832255,-1.166429869,-1.161528855,-0.896202752,0.40921466,-0.66035324,-0.766046861,0.160440369,-0.146125298,1,,,,,,,,,,,,,,,,,,,,,,,,,,,,,,,,,,,,,,,,,,,
0.079865921,-0.075558184,0.321787457,-0.869932601,1.612263476,-0.947933717,0.859421656,-0.429719811,-0.13980329,3.217585944,2.143206018,-0.636429885,-0.146125298,10,,,,,,,,,,,,,,,,,,,,,,,,,,,,,,,,,,,,,,,,,,,
-0.639944173,0.03692892,-0.616707011,-1.635892581,1.058410649,2.735458859,1.156659539,-0.413920924,-0.998559928,3.563209157,2.701279862,-0.982386287,-0.146125298,10,,,,,,,,,,,,,,,,,,,,,,,,,,,,,,,,,,,,,,,,,,,
-0.54529085,-0.075558184,-0.585846646,-0.647526321,0.210782112,-0.877884428,-0.308680895,-1.020564879,-0.542801275,1.152999993,2.250543255,-1.30558851,-0.146125298,10,,,,,,,,,,,,,,,,,,,,,,,,,,,,,,,,,,,,,,,,,,,
0.675435956,-0.075558184,-0.616707011,0.130146384,0.728198186,-0.497223086,-0.772814226,-1.036775682,0.402909875,3.065029387,-0.764564011,-0.871425155,-0.146125298,9,,,,,,,,,,,,,,,,,,,,,,,,,,,,,,,,,,,,,,,,,,,
0.92542864,-0.075558184,-0.500198708,0.014689569,2.362620367,-0.598020613,0.338219688,2.014835601,1.987835678,4.452474297,0.202102808,0.113024648,0.441307821,1,,,,,,,,,,,,,,,,,,,,,,,,,,,,,,,,,,,,,,,,,,,
1.64179423,-0.075558184,-0.616707011,0.141121862,0.770860459,-0.229480122,0.012698819,-0.479373458,1.181279729,-0.614267018,-0.766046861,0.079903371,-0.146125298,1,,,,,,,,,,,,,,,,,,,,,,,,,,,,,,,,,,,,,,,,,,,
0.585242794,-0.075558184,-0.593585983,0.328939089,4.497013215,-0.252618883,0.286357807,0.742914559,1.668964721,2.783909862,-0.705570232,1.807447516,-0.146125298,1,,,,,,,,,,,,,,,,,,,,,,,,,,,,,,,,,,,,,,,,,,,
1.867858761,0.024924831,-0.015675388,1.053142607,1.364243607,-0.430016496,-0.111300941,2.400538033,7.751498762,-0.533128718,-0.766046861,0.39505378,-0.146125298,1,,,,,,,,,,,,,,,,,,,,,,,,,,,,,,,,,,,,,,,,,,,
1.376829734,-0.075558184,-0.612268599,1.106949142,1.639951922,-0.390567769,0.550606438,-0.354479337,1.515630091,0.017814565,-0.507726196,1.576985055,-0.038339404,1,,,,,,,,,,,,,,,,,,,,,,,,,,,,,,,,,,,,,,,,,,,
0.721264489,-0.074661439,-0.593867874,0.342712525,1.444074644,-0.600250954,-0.467207273,-0.100904596,0.629360284,0.883548727,0.470689099,-0.313144841,-0.137449308,1,,,,,,,,,,,,,,,,,,,,,,,,,,,,,,,,,,,,,,,,,,,
0.647996705,-0.075558184,-0.589665577,-0.023183792,0.12918826,-0.472415131,-0.093108959,2.080547867,2.30523038,-0.059654685,-0.529820635,0.012924791,-0.146125298,7,,,,,,,,,,,,,,,,,,,,,,,,,,,,,,,,,,,,,,,,,,,
1.367095045,-0.075558184,-0.386926746,0.43536257,-0.521362037,-0.911747362,-1.38594775,0.01561133,2.487732334,-0.361250599,-0.766046861,0.549397461,-0.146125298,1,,,,,,,,,,,,,,,,,,,,,,,,,,,,,,,,,,,,,,,,,,,
-0.782464741,-0.075558184,-0.616707011,-1.750323402,0.959419261,-0.529579377,-0.071483465,-1.577161501,-0.964877808,1.084547928,2.590877808,-1.562780754,-0.138654988,10,,,,,,,,,,,,,,,,,,,,,,,,,,,,,,,,,,,,,,,,,,,
2.768414218,-0.075558184,-0.603036703,0.470027414,1.66885866,-0.274529104,-0.573627426,0.197405743,2.227786073,-0.522405128,-0.766046861,1.522931132,1.553011526,1,,,,,,,,,,,,,,,,,,,,,,,,,,,,,,,,,,,,,,,,,,,
0.998866505,-0.075558184,-0.616707011,-0.894003761,1.917053548,-0.386665419,3.413663121,1.7229118,0.173084793,0.179492768,0.66090333,0.203556136,0.114251605,1,,,,,,,,,,,,,,,,,,,,,,,,,,,,,,,,,,,,,,,,,,,
-0.708877273,-0.058228238,-0.616707011,-1.720825056,-0.679724567,1.149305788,0.200561609,-1.370774633,-1.140769242,3.218872746,2.164982484,-1.776360152,-0.146125298,10,,,,,,,,,,,,,,,,,,,,,,,,,,,,,,,,,,,,,,,,,,,
-0.408923513,-0.075558184,3.111558685,1.575383112,1.917053548,0.571030569,-0.531455469,-0.309966899,0.979640742,3.634630775,-0.341129371,-1.34210342,-0.045525131,9,,,,,,,,,,,,,,,,,,,,,,,,,,,,,,,,,,,,,,,,,,,
-0.767592072,-0.075558184,-0.616707011,-1.750323402,-1.139968072,0.598392247,-0.456399705,-1.671060971,-1.25615707,1.04392067,2.732755725,-2.13447602,-0.135718384,10,,,,,,,,,,,,,,,,,,,,,,,,,,,,,,,,,,,,,,,,,,,
1.266364111,-0.075558184,-0.613436602,0.837858614,-0.247720038,-0.576686495,0.420814536,2.552112322,6.017077895,-0.684511247,-0.766046861,-0.434231807,-0.146125298,1,,,,,,,,,,,,,,,,,,,,,,,,,,,,,,,,,,,,,,,,,,,
1.696872628,-0.075558184,-0.616707011,0.555564044,1.890878465,-0.650902817,-0.807783818,-0.614369309,0.059662863,-0.671916677,-0.766046861,0.516552196,-0.146125298,1,,,,,,,,,,,,,,,,,,,,,,,,,,,,,,,,,,,,,,,,,,,
0.945289194,-0.075558184,-0.527358595,1.236273189,0.917808291,-0.915477812,-0.894224994,-0.959358706,-0.140575853,0.058614157,-0.766046861,-0.146793364,-0.146125298,1,,,,,,,,,,,,,,,,,,,,,,,,,,,,,,,,,,,,,,,,,,,
-0.42228485,-0.075558184,1.946475655,1.148017749,2.563361601,-0.060835808,-0.033457125,-1.147924339,0.518751628,2.48852092,-0.766046861,-1.182017252,-0.146125298,9,,,,,,,,,,,,,,,,,,,,,,,,,,,,,,,,,,,,,,,,,,,
0.174130838,-0.075558184,-0.610983796,0.246257906,1.044067415,-0.746686275,-0.157349396,1.263730866,0.319007745,1.772534831,-0.766046861,0.077462856,-0.146125298,9,,,,,,,,,,,,,,,,,,,,,,,,,,,,,,,,,,,,,,,,,,,
-0.725938806,-0.061192571,-0.616707011,-1.631472507,0.304494446,-0.082273489,1.577142398,-0.896202752,-0.718371782,0.816820505,2.642955362,-1.291666108,-0.146125298,10,,,,,,,,,,,,,,,,,,,,,,,,,,,,,,,,,,,,,,,,,,,
2.081427957,-0.066631627,-0.610844958,0.366364155,2.816623813,-0.773146796,-0.190075656,-0.099007789,2.009394563,0.038880057,-0.750001306,0.193057316,-0.146125298,1,,,,,,,,,,,,,,,,,,,,,,,,,,,,,,,,,,,,,,,,,,,
2.179761232,-0.075558184,-0.582725422,0.47779324,0.591078971,-0.76884243,-0.590972344,-0.501872766,0.113223219,-0.684511247,-0.766046861,2.323041801,-0.146125298,1,,,,,,,,,,,,,,,,,,,,,,,,,,,,,,,,,,,,,,,,,,,
1.38227344,-0.075558184,-0.144547541,0.70171818,1.850306117,-0.073390351,-0.86580379,2.126743631,2.494773132,-0.044021153,-0.766046861,1.672150412,-0.146125298,1,,,,,,,,,,,,,,,,,,,,,,,,,,,,,,,,,,,,,,,,,,,
-0.506224836,-0.075558184,-0.394622048,1.463052656,-0.536975244,-0.200761846,0.806257156,-1.75933412,0.210425346,2.353941897,-0.675934309,-1.067319499,-0.146125298,9,,,,,,,,,,,,,,,,,,,,,,,,,,,,,,,,,,,,,,,,,,,
1.554567427,-0.075558184,-0.616707011,0.007578896,-0.592758353,-1.079784774,-1.420328857,0.722919689,1.422071918,0.15501811,-0.766046861,-0.80427392,-0.146125298,1,,,,,,,,,,,,,,,,,,,,,,,,,,,,,,,,,,,,,,,,,,,
-0.761892001,-0.075558184,-0.616707011,-1.750323402,-0.839378414,-1.096472603,0.177377091,-1.502499908,-1.079199443,2.214842406,2.074313088,-1.817190357,-0.146125298,10,,,,,,,,,,,,,,,,,,,,,,,,,,,,,,,,,,,,,,,,,,,
1.303999845,-0.06386047,-0.356505134,0.564567899,1.258543576,-0.50504632,-1.024595293,0.510596117,1.436929159,-0.410629313,-0.766046861,1.858515903,-0.146125298,1,,,,,,,,,,,,,,,,,,,,,,,,,,,,,,,,,,,,,,,,,,,
1.137428514,-0.075558184,-0.616707011,0.785489777,-0.559685364,-0.33989285,0.420814536,-0.34846839,0.221966972,-0.684511247,-0.766046861,-0.743511628,-0.146125298,1,,,,,,,,,,,,,,,,,,,,,,,,,,,,,,,,,,,,,,,,,,,
0.793517606,-0.075558184,-0.444792537,0.095106863,3.122760508,-0.302077043,-0.272982182,0.09660884,0.730952658,0.749217367,-0.761450027,0.818728639,-0.146125298,1,,,,,,,,,,,,,,,,,,,,,,,,,,,,,,,,,,,,,,,,,,,
-0.729271682,0.029366762,-0.557797185,-1.606074618,-0.944135243,-0.183728236,-0.134823528,-1.442460742,-0.950332421,0.598717396,2.96851885,-2.006134824,-0.075574531,10,,,,,,,,,,,,,,,,,,,,,,,,,,,,,,,,,,,,,,,,,,,
-0.737237045,-0.075558184,-0.534052064,-1.350959931,0.137043962,-1.097224905,-0.517338259,-1.389534165,-0.857937198,1.045459977,1.948191961,-1.958617439,-0.146125298,10,,,,,,,,,,,,,,,,,,,,,,,,,,,,,,,,,,,,,,,,,,,
1.24909923,-0.075558184,-0.545875077,-0.070315087,1.526281165,-0.54681157,-0.464275927,0.729478279,2.044261403,-0.239652811,-0.766046861,0.736331627,-0.146125298,1,,,,,,,,,,,,,,,,,,,,,,,,,,,,,,,,,,,,,,,,,,,
1.578087316,-0.073897672,-0.616707011,0.883211956,0.165915906,-0.594608919,-0.414555403,-0.556025094,0.097949353,-0.355211377,-0.339971974,0.486829104,-0.143830237,1,,,,,,,,,,,,,,,,,,,,,,,,,,,,,,,,,,,,,,,,,,,
1.898897452,-0.075558184,-0.549496779,0.952950134,1.639951922,-0.398326168,0.175389846,-0.279542864,1.624062485,-0.111866675,-0.765483984,0.373641775,-0.146125298,1,,,,,,,,,,,,,,,,,,,,,,,,,,,,,,,,,,,,,,,,,,,
-0.03406709,-0.063427222,0.728230318,1.497067222,1.186722824,-0.67672901,0.960434205,0.480597039,-0.564017726,0.563875042,-0.755758708,0.696106314,-0.146125298,2,,,,,,,,,,,,,,,,,,,,,,,,,,,,,,,,,,,,,,,,,,,
-0.748937718,-0.075558184,-0.616707011,-1.714748984,-0.776590178,-0.998871232,-0.428732465,-1.1258842,-1.113563982,1.552695764,2.863442252,-1.737035208,-0.146125298,10,,,,,,,,,,,,,,,,,,,,,,,,,,,,,,,,,,,,,,,,,,,
-0.625872031,-0.075558184,-0.495390429,-1.446764838,1.604264592,-0.078545197,1.191699777,-0.479373458,0.029056945,7.011371206,1.634626593,-0.850436475,-0.146125298,10,,,,,,,,,,,,,,,,,,,,,,,,,,,,,,,,,,,,,,,,,,,
-0.695030173,-0.075558184,-0.574924723,-1.741754215,-0.093344807,0.535380295,-0.9348802,-1.397965916,-1.203622774,0.613356853,2.434980475,-1.016981927,-0.088887272,10,,,,,,,,,,,,,,,,,,,,,,,,,,,,,,,,,,,,,,,,,,,
0.576654652,-0.075558184,-0.616707011,0.285477417,2.287504292,-0.752263681,0.010504649,-0.107771975,1.434954584,1.853543033,-0.758420776,0.50171885,-0.146125298,1,,,,,,,,,,,,,,,,,,,,,,,,,,,,,,,,,,,,,,,,,,,
0.950729036,-0.075558184,-0.480540928,2.335559621,0.559418857,-0.300240514,-0.307243748,3.493837765,3.638288128,-0.635584191,-0.766046861,1.657621051,-0.146125298,1,,,,,,,,,,,,,,,,,,,,,,,,,,,,,,,,,,,,,,,,,,,
1.570373406,-0.075558184,-0.575806206,-0.469086133,0.652000124,-0.795289759,0.391540412,-0.333555154,0.208818285,2.645698733,-0.444850312,-0.66670889,-0.146125298,9,,,,,,,,,,,,,,,,,,,,,,,,,,,,,,,,,,,,,,,,,,,
1.665445804,-0.075558184,-0.569129583,0.522214119,0.506790841,-0.813377696,-0.243215326,0.00536412,2.180158012,-0.143152537,-0.766046861,0.606957976,-0.146125298,1,,,,,,,,,,,,,,,,,,,,,,,,,,,,,,,,,,,,,,,,,,,
0.707620549,-0.075558184,-0.338363887,0.368271511,0.082419932,-1.028059571,0.294093674,-0.439922615,-0.125230421,-0.620714091,-0.766046861,0.882799403,-0.146125298,2,,,,,,,,,,,,,,,,,,,,,,,,,,,,,,,,,,,,,,,,,,,
-0.774163577,-0.075558184,-0.616707011,-1.742631973,1.351428927,-0.4563455,0.930382746,-1.260366404,-1.149530258,3.534741101,2.32596445,-1.09898951,-0.146125298,10,,,,,,,,,,,,,,,,,,,,,,,,,,,,,,,,,,,,,,,,,,,
1.486344975,-0.075558184,-0.616707011,0.32990491,-0.638461091,-0.790794694,-0.699378081,-0.434374841,0.755947491,-0.401833104,-0.766046861,-0.386692607,-0.146125298,1,,,,,,,,,,,,,,,,,,,,,,,,,,,,,,,,,,,,,,,,,,,
-0.493696205,-0.075558184,-0.616707011,0.856957043,-0.545165779,-0.175898451,-0.526995188,-1.423606733,0.302001523,1.119930565,-0.766046861,-2.133683822,-0.146125298,9,,,,,,,,,,,,,,,,,,,,,,,,,,,,,,,,,,,,,,,,,,,
0.977975617,-0.075558184,-0.586434768,0.286671973,0.058728659,-0.73394396,-0.350070706,0.369831213,1.636260008,-0.382145865,-0.766046861,1.798359739,-0.146125298,1,,,,,,,,,,,,,,,,,,,,,,,,,,,,,,,,,,,,,,,,,,,
-0.78386408,-0.075558184,-0.616707011,-1.750323402,-0.776893041,0.206441542,-0.277561698,-1.491619576,-1.100634749,0.731179466,2.205348371,-2.04667932,-0.14014905,10,,,,,,,,,,,,,,,,,,,,,,,,,,,,,,,,,,,,,,,,,,,
0.752295409,-0.075558184,-0.112420239,0.735821235,1.24449169,-0.739142309,-0.265755133,0.362100681,0.820219918,-0.051983918,0.668227121,0.785883373,-0.146125298,1,,,,,,,,,,,,,,,,,,,,,,,,,,,,,,,,,,,,,,,,,,,
-0.286570645,-0.075558184,-0.528776216,1.770354062,-0.329584719,-0.220888589,-0.582790779,-1.430287629,-0.857937198,2.495763081,-0.766046861,-1.095964426,-0.146125298,9,,,,,,,,,,,,,,,,,,,,,,,,,,,,,,,,,,,,,,,,,,,
0.760539848,-0.075558184,-0.425420176,0.610593491,2.269728344,-0.540609783,-0.939571185,0.282956055,2.323900656,0.70193422,-0.766046861,0.203556136,-0.146125298,1,,,,,,,,,,,,,,,,,,,,,,,,,,,,,,,,,,,,,,,,,,,
0.637326246,-0.075558184,-0.566177402,-0.25667279,1.195232879,-0.180260663,0.395400736,1.593529868,0.33040752,2.800017409,0.02955914,0.416211714,-0.146125298,1,,,,,,,,,,,,,,,,,,,,,,,,,,,,,,,,,,,,,,,,,,,
0.550588281,-0.075558184,-0.616707011,0.053579514,0.88586311,-0.272193518,0.295126724,0.0527841,0.646498068,0.955825114,-0.164960762,0.005308497,-0.146125298,1,,,,,,,,,,,,,,,,,,,,,,,,,,,,,,,,,,,,,,,,,,,
1.137428514,-0.075558184,-0.616707011,0.385433542,0.241848265,-1.160276358,-0.259378325,-0.597958048,0.294068186,-0.684511247,-0.766046861,1.452449057,-0.146125298,1,,,,,,,,,,,,,,,,,,,,,,,,,,,,,,,,,,,,,,,,,,,
0.197978089,-0.075558184,0.196566634,0.497992331,0.770860459,-0.50860556,-0.055320467,-0.712307475,0.22349454,0.611494775,-0.766046861,-1.125711082,-0.146125298,9,,,,,,,,,,,,,,,,,,,,,,,,,,,,,,,,,,,,,,,,,,,
1.289633553,-0.075558184,-0.368155964,0.502025732,0.992638649,-0.598747152,-0.184033885,4.959228626,3.80723977,-0.450618228,-0.766046861,-0.058492607,0.445867994,1,,,,,,,,,,,,,,,,,,,,,,,,,,,,,,,,,,,,,,,,,,,
2.019596491,-0.075558184,-0.616707011,0.057967442,0.404621248,-0.754226508,0.014193749,0.976405977,1.837160391,0.205197524,-0.766046861,0.208312011,-0.146125298,1,,,,,,,,,,,,,,,,,,,,,,,,,,,,,,,,,,,,,,,,,,,
0.96124597,-0.075558184,-0.431144928,0.968298322,0.960181604,-1.175233491,-0.133589234,-0.084865034,0.579124946,-0.59556329,-0.756466374,-0.348223152,-0.146125298,1,,,,,,,,,,,,,,,,,,,,,,,,,,,,,,,,,,,,,,,,,,,
2.268094513,-0.075558184,-0.597158052,0.990652608,0.900141529,-0.844492862,-0.644566192,1.090016512,1.679713181,-0.676963939,-0.766046861,0.557147468,-0.135952247,1,,,,,,,,,,,,,,,,,,,,,,,,,,,,,,,,,,,,,,,,,,,
0.36009564,-0.075558184,-0.598295822,1.984075772,0.816169374,2.679528195,-0.028868522,-0.759364853,1.289567333,-0.208509035,-0.766046861,0.538449039,-0.146125298,5,,,,,,,,,,,,,,,,,,,,,,,,,,,,,,,,,,,,,,,,,,,
1.715380554,-0.075558184,-0.611713798,-0.135996388,-0.006126202,-0.721248447,-0.776810751,0.317744901,1.222687735,1.998732058,-0.766046861,1.492525801,-0.146125298,1,,,,,,,,,,,,,,,,,,,,,,,,,,,,,,,,,,,,,,,,,,,
1.625715263,-0.075558184,-0.54119237,0.941566841,2.210949212,-0.46007595,-0.446431361,0.638092199,2.571048443,0.068752924,-0.766046861,-0.091085217,-0.146125298,1,,,,,,,,,,,,,,,,,,,,,,,,,,,,,,,,,,,,,,,,,,,
1.640354624,-0.075558184,-0.616707011,-0.036176369,0.617996546,-0.85239184,-0.990806491,0.997983736,0.785857819,-0.517601381,-0.766046861,1.228910553,-0.146125298,1,,,,,,,,,,,,,,,,,,,,,,,,,,,,,,,,,,,,,,,,,,,
-0.678344424,-0.075558184,-0.604068822,-1.744097007,1.008467632,-0.184601426,0.342419426,-1.260366404,-0.917132781,0.445632078,2.109924351,-1.526534662,-0.146125298,10,,,,,,,,,,,,,,,,,,,,,,,,,,,,,,,,,,,,,,,,,,,
-0.643370434,-0.075558184,-0.616707011,1.438276331,-1.122247466,-0.10688022,-0.306020121,-1.672479647,-0.313729333,-0.115156685,-0.766046861,-2.026609794,-0.146125298,2,,,,,,,,,,,,,,,,,,,,,,,,,,,,,,,,,,,,,,,,,,,
1.351391351,-0.075558184,-0.606134961,0.443391008,1.609840737,-0.736129253,-0.687332999,-0.059386365,0.666680231,0.813776203,-0.766046861,-0.81915527,-0.142981543,1,,,,,,,,,,,,,,,,,,,,,,,,,,,,,,,,,,,,,,,,,,,
1.436447621,-0.075558184,-0.605409236,0.370598059,1.905394877,-0.647587389,-0.22902261,-0.312767008,0.996305121,1.681093779,-0.766046861,0.268448289,-0.146125298,1,,,,,,,,,,,,,,,,,,,,,,,,,,,,,,,,,,,,,,,,,,,
1.859798458,-0.075558184,-0.616707011,0.019834629,2.023590726,-0.639998425,-0.350070706,0.240604415,3.749376274,0.318078778,-0.766046861,-0.425012084,-0.146125298,1,,,,,,,,,,,,,,,,,,,,,,,,,,,,,,,,,,,,,,,,,,,
0.649828802,-0.075558184,-0.591075184,0.213687642,0.921298302,-0.553451984,2.704562064,1.050579522,3.701767069,-0.423103935,-0.766046861,0.096132797,-0.146125298,1,,,,,,,,,,,,,,,,,,,,,,,,,,,,,,,,,,,,,,,,,,,
0.287424288,-0.075558184,-0.473922367,0.690296208,-0.430672557,-0.495615966,-0.956937811,0.623571369,0.383304163,-0.240515411,-0.766046861,-0.354196759,0.247713655,2,,,,,,,,,,,,,,,,,,,,,,,,,,,,,,,,,,,,,,,,,,,
0.580409236,-0.075558184,-0.525632546,0.90814444,0.836986984,0.1363403,-0.106334931,-0.553488827,0.988042366,0.893679013,-0.605737081,-0.623371726,-0.146125298,1,,,,,,,,,,,,,,,,,,,,,,,,,,,,,,,,,,,,,,,,,,,
2.659909463,-0.075558184,-0.616091785,0.278806915,1.671752514,-0.461255033,0.375019373,1.245722039,3.515101274,0.536981992,-0.766046861,0.294765353,-0.146125298,1,,,,,,,,,,,,,,,,,,,,,,,,,,,,,,,,,,,,,,,,,,,
3.314183134,-0.075558184,-0.611325,0.494827011,2.740077113,-0.678898139,-0.689988608,0.699802901,1.960844632,-0.573441017,-0.766046861,0.152926657,-0.146125298,1,,,,,,,,,,,,,,,,,,,,,,,,,,,,,,,,,,,,,,,,,,,
1.137428514,-0.075558184,-0.616707011,-0.154147567,-0.416873651,-0.974458656,-1.091306515,-0.340916174,0.537586039,0.114651941,-0.766046861,1.542335105,-0.146125298,1,,,,,,,,,,,,,,,,,,,,,,,,,,,,,,,,,,,,,,,,,,,
-0.461347611,-0.075558184,-0.616707011,-1.699534774,0.085166309,-1.111705699,-0.212587988,-1.121391943,-0.763187956,-0.508811192,2.964416231,-1.557511261,-0.146125298,10,,,,,,,,,,,,,,,,,,,,,,,,,,,,,,,,,,,,,,,,,,,
-0.52192853,-0.075558184,-0.616707011,1.289778455,-0.911692216,0.406823248,0.292333662,-1.75933412,-0.360885117,1.216180512,-0.561743098,-1.592843748,-0.146125298,9,,,,,,,,,,,,,,,,,,,,,,,,,,,,,,,,,,,,,,,,,,,
-0.018934439,-0.075558184,-0.616707011,0.21343985,-0.324325944,-0.956989445,-0.687731184,0.472663399,0.543034009,-0.622706485,-0.766046861,0.138153021,-0.146125298,7,,,,,,,,,,,,,,,,,,,,,,,,,,,,,,,,,,,,,,,,,,,
0.668847136,-0.075558184,-0.602527924,0.755334826,1.870602253,-0.954427023,-1.37964227,0.110138626,1.504714078,-0.139328815,-0.734843036,0.514347816,-0.146125298,1,,,,,,,,,,,,,,,,,,,,,,,,,,,,,,,,,,,,,,,,,,,
1.518413797,-0.075558184,-0.616707011,-0.081086849,0.169013252,-0.810875494,-1.288539696,0.084087486,0.249064702,-0.22761835,-0.766046861,0.496559425,-0.146125298,1,,,,,,,,,,,,,,,,,,,,,,,,,,,,,,,,,,,,,,,,,,,
1.508428295,-0.075558184,-0.616707011,0.376837508,-0.46281251,-0.479589073,-0.482566607,-0.096885213,1.666473542,-0.362649995,-0.766046861,-0.780835794,-0.146125298,1,,,,,,,,,,,,,,,,,,,,,,,,,,,,,,,,,,,,,,,,,,,
-0.714399452,-0.075558184,-0.616707011,-1.750323402,-1.094246637,0.715501433,-0.468668436,-1.420882983,-0.86871664,-0.636859994,1.925374582,-1.893784984,-0.146125298,10,,,,,,,,,,,,,,,,,,,,,,,,,,,,,,,,,,,,,,,,,,,
2.550761013,-0.075558184,-0.615203678,0.207579543,-0.142112199,-0.826243226,-0.604960181,-0.003259058,0.052751849,0.056537043,-0.766046861,0.934004926,-0.146125298,1,,,,,,,,,,,,,,,,,,,,,,,,,,,,,,,,,,,,,,,,,,,
1.468445863,-0.075558184,-0.556204453,0.225785981,0.363660283,-0.842379115,-1.161528855,-0.555160602,0.860249236,-0.579040924,-0.766046861,0.450861665,-0.146125298,1,,,,,,,,,,,,,,,,,,,,,,,,,,,,,,,,,,,,,,,,,,,
-0.563573431,-0.075558184,-0.282922752,1.729148906,-1.083022984,-1.037046297,-0.970872095,-1.04006419,-0.863660796,0.38665885,-0.766046861,-1.279182765,-0.146125298,2,,,,,,,,,,,,,,,,,,,,,,,,,,,,,,,,,,,,,,,,,,,
1.431401674,-0.075558184,-0.616707011,0.12809699,0.821998305,-0.411717839,0.097042734,0.298202645,1.462230051,1.654235231,-0.766046861,0.997406884,-0.146125298,1,,,,,,,,,,,,,,,,,,,,,,,,,,,,,,,,,,,,,,,,,,,
-0.809829595,-0.075558184,-0.616707011,-1.750323402,-0.911692216,-1.299618514,-0.221589833,-1.839331661,-1.313069223,-0.07914258,1.833353697,-2.585500662,-0.146125298,10,,,,,,,,,,,,,,,,,,,,,,,,,,,,,,,,,,,,,,,,,,,
13.74204692,-0.075558184,-0.592295747,0.100354824,1.318765947,-1.047501777,-0.051156021,1.540972614,0.011567849,-0.240359855,-0.691566078,-0.836136496,-0.096851747,1,,,,,,,,,,,,,,,,,,,,,,,,,,,,,,,,,,,,,,,,,,,
0.874650226,-0.075558184,-0.393178506,1.633724544,1.328382293,-0.890472972,-0.531251818,2.795016927,2.429147353,0.336595878,-0.766046861,0.833204157,-0.142510921,1,,,,,,,,,,,,,,,,,,,,,,,,,,,,,,,,,,,,,,,,,,,
-0.776178821,-0.075558184,-0.616707011,-1.743120318,0.230302364,-0.278595705,0.090435146,-0.787935403,-0.977537681,0.848694484,2.285532128,-1.726310224,-0.146125298,10,,,,,,,,,,,,,,,,,,,,,,,,,,,,,,,,,,,,,,,,,,,
0.094349318,-0.075558184,-0.616707011,-0.116237725,-0.192165261,-1.074428126,-0.914662714,0.088496414,1.698157133,-0.227874292,-0.766046861,-0.348527334,-0.005851825,7,,,,,,,,,,,,,,,,,,,,,,,,,,,,,,,,,,,,,,,,,,,
-0.679713269,-0.074402854,-0.616707011,-1.74929439,0.176771368,-0.768118204,0.347396893,-0.433660577,-0.950332421,0.49542455,3.057143662,-1.384302379,-0.146125298,10,,,,,,,,,,,,,,,,,,,,,,,,,,,,,,,,,,,,,,,,,,,
-0.74324593,-0.075558184,-0.616707011,-1.750323402,0.012609647,0.372296498,0.143295849,-0.882561066,-1.02868357,0.230806177,1.354801318,-1.693277271,-0.146125298,6,,,,,,,,,,,,,,,,,,,,,,,,,,,,,,,,,,,,,,,,,,,
1.831864002,-0.075558184,-0.194289728,1.483584525,0.328957244,-0.694741124,-0.991239681,3.729727952,5.086096269,-0.353823031,-0.766046861,2.285143418,-0.133066622,1,,,,,,,,,,,,,,,,,,,,,,,,,,,,,,,,,,,,,,,,,,,
2.608656561,-0.022941962,-0.607723238,2.086490714,1.473554369,-0.687349902,-0.6379917,2.452584626,3.102923571,-0.525890469,-0.766046861,2.502305721,-0.146125298,1,,,,,,,,,,,,,,,,,,,,,,,,,,,,,,,,,,,,,,,,,,,
1.492147259,-0.075558184,-0.616707011,-0.220939065,1.211703955,-0.854170145,-0.667494041,-0.309966899,1.114066733,0.775251634,-0.603612493,-0.445620878,-0.146125298,1,,,,,,,,,,,,,,,,,,,,,,,,,,,,,,,,,,,,,,,,,,,
0.240890323,-0.075558184,-0.520675925,1.04993029,2.142818853,-0.522293596,-0.490231659,0.567867084,1.641586912,1.628705711,-0.664956298,0.450861665,0.332487619,1,,,,,,,,,,,,,,,,,,,,,,,,,,,,,,,,,,,,,,,,,,,