ImageId,CellId,Cell_CD107a,Cell_CD3,Cell_CD45,Cell_CD68,Cell_CD86,Cell_DNA1,Cell_DNA2,Cell_FerritinHC,Cell_HLADR,Cell_HistoneH3,Cell_Mac2,Cell_MerTK,Cell_PLP,Cell_S100B,Cell_TIM3,Cell_Vimentin,Area,Eccentricity,Solidity,Extent,EulerNumber,Perimeter,MajorAxisLength,MinorAxisLength,Orientation,X_position,Y_position,Percent_Touching,Number_Neighbors,neighbour_4_CellId1,neighbour_4_CellId2,neighbour_4_CellId3,neighbour_4_CellId4,neighbour_4_CellId5,neighbour_4_CellId6,neighbour_4_CellId7,neighbour_4_CellId8,ZScoreNorm_Cell_CD107a,ZScoreNorm_Cell_CD3,ZScoreNorm_Cell_CD45,ZScoreNorm_Cell_CD68,ZScoreNorm_Cell_CD86,ZScoreNorm_Cell_DNA1,ZScoreNorm_Cell_DNA2,ZScoreNorm_Cell_FerritinHC,ZScoreNorm_Cell_HLADR,ZScoreNorm_Cell_HistoneH3,ZScoreNorm_Cell_Mac2,ZScoreNorm_Cell_MerTK,ZScoreNorm_Cell_PLP,ZScoreNorm_Cell_S100B,ZScoreNorm_Cell_TIM3,ZScoreNorm_Cell_Vimentin,ZScoreNorm_Area,ZScoreNorm_Eccentricity,ZScoreNorm_Solidity,ZScoreNorm_Extent,ZScoreNorm_EulerNumber,ZScoreNorm_Perimeter,ZScoreNorm_MajorAxisLength,ZScoreNorm_MinorAxisLength,ZScoreNorm_Orientation,ZScoreNorm_X_position,ZScoreNorm_Y_position,ZScoreNorm_Percent_Touching,ZScoreNorm_Number_Neighbors,Phenograph2488198336,Amount_cells_in_sample
44351,251,8985.8837890625,27558.966796875,19260.716796875,6129.4501953125,0.983333349227905,20.8500003814697,38.1333351135254,3.29999995231628,0.183333337306976,25.1000003814697,1.75,1.45000004768372,843.366638183594,0,0.516666650772095,0,60,0.789083302021027,0.89552241563797,0.625,1,29.4090003967285,11.7461528778076,7.21549987792969,-78.2267227172852,134.649993896484,216.683334350586,0.270270258188248,1,248,0,0,0,0,0,0,0,-0.4927838742733,22.7622299194336,0.115242294967175,-2.09711217880249,-0.180679753422737,2.70782876014709,2.74857831001282,-1.14114654064178,1.37488734722137,1.28271222114563,-0.543540000915527,-0.437589228153229,-0.771382331848145,-0.275959461927414,-0.249819666147232,-0.0768123865127563,-0.645238876342773,0.530166625976562,-0.0273420009762049,-0.19146141409874,0,-0.539194226264954,-0.491453945636749,-0.692497789859772,-1.53729689121246,-1.29799628257751,-1.03450083732605,0.0150684081017971,-0.112073518335819,12,70
44351,581,13701.787109375,13096.0634765625,27049.361328125,11991.5107421875,0.659574449062347,29.2127666473389,51.8936157226562,2.12765955924988,0.170212760567665,21.5106391906738,6.97872352600098,3.34042549133301,2290.5107421875,0,0.78723406791687,0,47,0.761534333229065,0.839285731315613,0.587499976158142,1,28.375,10.7796697616577,6.98656892776489,70.6152725219727,105.19149017334,431.553192138672,0.485714286565781,1,592,0,0,0,0,0,0,0,0.0627025589346886,10.7711172103882,1.17546474933624,-1.36974132061005,-0.794011950492859,4.30636310577393,4.20187425613403,-1.33305907249451,1.15623891353607,0.998827338218689,0.631662845611572,-0.133563950657845,-0.48471212387085,-0.275959461927414,0.379707366228104,-0.0768123865127563,-0.931460201740265,0.340900927782059,-0.897685408592224,-0.58218115568161,0,-0.639199793338776,-0.763777911663055,-0.788958311080933,1.31137084960938,-1.40155041217804,-0.290622174739838,0.732581913471222,-0.112073518335819,12,70
44351,784,16941.267578125,32369.462890625,34779.33984375,2005.85363769531,1.07317078113556,33.0975608825684,60.1219520568848,2.31707310676575,0.195121943950653,18.6097564697266,3.04878044128418,2.46341466903687,617.097534179688,0,0.609756112098694,0,41,0.590347647666931,0.931818187236786,0.732142865657806,1,20.4190006256104,8.15750026702881,6.58431911468506,-79.7412414550781,293.243896484375,552.658508300781,0,0,0,0,0,0,0,0,0,0,0.444281101226807,26.7505855560303,2.22770142555237,-2.60877227783203,-0.0104908337816596,5.04893779754639,5.0709114074707,-1.30205202102661,1.57133948802948,0.769394755363464,-0.251627326011658,-0.274608105421066,-0.816204845905304,-0.275959461927414,-0.0332292020320892,-0.0768123865127563,-1.06356239318848,-0.835178673267365,0.534387588500977,0.924880802631378,0,-1.40868186950684,-1.50262117385864,-0.958446979522705,-1.5662829875946,-0.740498721599579,0.128644093871117,-0.885038137435913,-0.78592312335968,12,70
44351,840,9286.08203125,32465.91796875,14378.3876953125,1028,0.632653057575226,27.673469543457,50.2653045654297,4.57142877578735,0.122448980808258,29.7142848968506,1.16326534748077,1.63265311717987,3746.3876953125,0,0.244897961616516,0,49,0.716397762298584,0.980000019073486,0.680555582046509,1,23.2310009002686,9.5991678237915,6.69726371765137,-46.7045669555664,57.6326522827148,589.571411132812,0.275862067937851,1,862,0,0,0,0,0,0,0,-0.457423508167267,26.8305568695068,-0.549360394477844,-2.73010540008545,-0.845012128353119,4.0121283531189,4.02989959716797,-0.933013141155243,0.360276579856873,1.64765882492065,-0.675413906574249,-0.408214271068573,-0.196311935782433,-0.275959461927414,-0.882141828536987,-0.0768123865127563,-0.887426137924194,0.0308054741472006,1.28007054328918,0.387382686138153,0,-1.13671314716339,-1.09640562534332,-0.910857677459717,-0.933998346328735,-1.56873166561127,0.256436407566071,0.0336913019418716,-0.112073518335819,12,70
44351,1478,10774.8720703125,22497.384765625,38216.84765625,2879.71801757812,0.846153855323792,20.6923084259033,37.9743576049805,3,0.128205135464668,10.3589744567871,3.51282048225403,5.33333349227905,1985.41027832031,0,0.358974367380142,0,39,0.822946667671204,0.829787254333496,0.649999976158142,1,26.117000579834,10.04563331604,5.70711135864258,72.3623809814453,136.410263061523,983.256408691406,0.777777791023254,2,1472,1484,0,0,0,0,0,0,-0.282058894634247,18.5657005310059,2.69562864303589,-2.50034236907959,-0.440554022789001,2.67768597602844,2.73178815841675,-1.19025659561157,0.456200271844864,0.116835340857506,-0.147330150008202,0.186942890286446,-0.545150578022003,-0.275959461927414,-0.616721153259277,-0.0768123865127563,-1.1075963973999,0.762813568115234,-1.0446879863739,0.0690184310078621,0,-0.857587218284607,-0.970605969429016,-1.32806003093719,1.34480857849121,-1.29180860519409,1.61937236785889,1.70526838302612,0.561776041984558,12,70
591353,18,15566.2607421875,8011.69580078125,36943.94140625,19360.666015625,1.34782612323761,18.5362319946289,33.6666679382324,5.42028999328613,0.173913046717644,17.1159420013428,9.72463798522949,2.62318849563599,3183.02905273438,0,0.768115937709808,0,69,0.722879111766815,0.851851880550385,0.492857128381729,1,33.0810012817383,12.1651411056519,8.40580272674561,87.1793899536133,709.057983398438,12.3478260040283,0.761904776096344,2,6,22,0,0,0,0,0,0,0.282318949699402,6.55569648742676,2.52235555648804,-0.455368548631668,0.509819149971008,2.26555442810059,2.27683019638062,-0.794054210186005,1.21790242195129,0.651248097419739,1.24883186817169,-0.248912692070007,-0.307909786701202,-0.275959461927414,0.335225433111191,-0.0768123865127563,-0.447085648775101,0.0753336176276207,-0.703206360340118,-1.56828343868256,0,-0.184048652648926,-0.373396456241608,-0.190961867570877,1.62838923931122,0.721192598342896,-1.74190962314606,1.65240502357483,0.561776041984558,12,70
591353,21,11865.4638671875,2284.79272460938,29829.28125,13005.140625,1.24390244483948,15.481707572937,26.4207324981689,10.6280488967896,0.10365853458643,15.5670728683472,5.1097559928894,3.71951222419739,4518.93896484375,0,0.737804889678955,0,164,0.695922076702118,0.916201114654541,0.742081463336945,1,46.6269989013672,17.4358024597168,12.5209522247314,-15.2082290649414,483.835357666016,13.9268293380737,0,0,0,0,0,0,0,0,0,0,-0.153598070144653,1.80755293369293,1.5538786649704,-1.24396908283234,0.312945127487183,1.68168497085571,1.51154899597168,0.0584579668939114,0.0471421852707863,0.528747081756592,0.211595565080643,-0.072597824037075,-0.0432743467390537,-0.275959461927414,0.264700919389725,-0.0768123865127563,1.64453172683716,-0.109865643084049,0.292691081762314,1.02843284606934,0,1.12608253955841,1.11170721054077,1.54296338558197,-0.331194072961807,-0.0705216750502586,-1.73644316196442,-0.885038137435913,-0.78592312335968,12,70
591353,184,12494.705078125,1098.98095703125,18345.724609375,15128.7333984375,1.79047620296478,19.0666675567627,34.4571418762207,5.69523811340332,0.104761905968189,8.22857189178467,1.71428573131561,1.69523811340332,9295.228515625,0,0.752380967140198,0,105,0.667711555957794,0.755395710468292,0.475113123655319,1,48.8190002441406,15.2499694824219,11.3523836135864,-64.1620788574219,795.838073730469,116.523811340332,0.233333334326744,1,194,0,0,0,0,0,0,0,-0.0794797167181969,0.824402987957001,-0.00931029673665762,-0.98047137260437,1.34838020801544,2.36694645881653,2.36031651496887,-0.749045073986053,0.0655293241143227,-0.0516595430672169,-0.551567077636719,-0.398149102926254,0.902878820896149,-0.275959461927414,0.298614948987961,-0.0768123865127563,0.34552726149559,-0.303676456212997,-2.19600415229797,-1.75316190719604,0,1.33808672428131,0.495809227228165,1.05058515071869,-1.26811540126801,1.02624666690826,-1.38125276565552,-0.107946150004864,-0.112073518335819,12,70
591353,415,3968.27856445312,16415.46875,7240.54443359375,2410.59497070312,0.493670880794525,1.50632905960083,2.1012659072876,7.21518993377686,0.0506329126656055,2.16455698013306,1.39240503311157,0.645569622516632,8392.78515625,0,0.658227860927582,0,79,0.51319020986557,0.908045947551727,0.658333361148834,1,31.2859992980957,11.1394386291504,9.56070137023926,-61.2790336608887,614,301.607604980469,0.461538463830948,1,424,0,0,0,0,0,0,0,-1.08380770683289,13.5232172012329,-1.52099299430847,-2.5585515499115,-1.10830140113831,-0.989694714546204,-1.05695736408234,-0.500228345394135,-0.836506366729736,-0.531266212463379,-0.623912692070007,-0.566960692405701,0.72411036491394,-0.275959461927414,0.0795496478676796,-0.0768123865127563,-0.226915389299393,-1.36526274681091,0.166478544473648,0.155845046043396,0,-0.357656031847,-0.662406623363495,0.295656532049179,-1.21293723583221,0.387039840221405,-0.740493357181549,0.652066886425018,-0.112073518335819,12,70
591353,606,8825.90234375,1259.85864257812,12539.4453125,17232.966796875,0.880434811115265,6.44565200805664,13.0217390060425,13.9239130020142,0.130434781312943,8.65217399597168,1.51086962223053,1.0326087474823,4713.9130859375,0,0.434782594442368,0,92,0.60977166891098,0.948453605175018,0.766666650772095,1,33.890998840332,12.5383262634277,9.93759059906006,79.5173645019531,53.0869560241699,462.141296386719,0,0,0,0,0,0,0,0,0,0,-0.511628031730652,0.957785844802856,-0.799684762954712,-0.719375729560852,-0.375611841678619,-0.0455480143427849,0.0964111462235451,0.597992241382599,0.493356466293335,-0.0181565582752228,-0.597286701202393,-0.504715621471405,-0.00465120654553175,-0.275959461927414,-0.44033870100975,-0.0768123865127563,0.0593059398233891,-0.701732635498047,0.791844725608826,1.28459107875824,0,-0.105707712471485,-0.268244862556458,0.454459756612778,1.48174679279327,-1.58471095561981,-0.184726238250732,-0.885038137435913,-0.78592312335968,12,70
591353,751,9722.1943359375,864.140930175781,19834.041015625,16411.779296875,1.00671136379242,7.07382535934448,12.5771808624268,5.6979866027832,0.161073818802834,8.65771770477295,2.41610741615295,3.09395980834961,2997.83227539062,0,0.630872488021851,0,149,0.742930710315704,0.876470565795898,0.620833337306976,1,49.273998260498,17.3906860351562,11.6407747268677,-36.8926467895508,918.691284179688,582.724853515625,0,0,0,0,0,0,0,0,0,0,-0.406053751707077,0.62969845533371,0.193285465240479,-0.821269750595093,-0.136392071843147,0.0745266973972321,0.0494590476155281,-0.748595178127289,1.00394248962402,-0.0177180636674166,-0.393826335668564,-0.173201501369476,-0.344596117734909,-0.275959461927414,0.015902129933238,-0.0768123865127563,1.31427645683289,0.213091090321541,-0.322196006774902,-0.234874725341797,0,1.38209295272827,1.09899485111237,1.17209935188293,-0.746209263801575,1.45810651779175,0.232733502984047,-0.885038137435913,-0.78592312335968,12,70
591353,1075,5694.09619140625,4724.68798828125,11117.1201171875,11517.7119140625,0.991999983787537,10.576000213623,18.423999786377,11.2480001449585,0.0640000030398369,10.576000213623,1.09599995613098,1.59200000762939,2049.6640625,0,0.53600001335144,0,125,0.817912697792053,0.801282048225403,0.600961565971375,1,49.3400001525879,17.732364654541,10.2021799087524,76.1022338867188,89.6719970703125,822.752014160156,0.120689652860165,1,1082,0,0,0,0,0,0,0,-0.880523562431335,3.83045649528503,-0.993297576904297,-1.42853081226349,-0.164261519908905,0.743963897228241,0.666972279548645,0.159944221377373,-0.613749742507935,0.134000033140182,-0.690532386302948,-0.414752244949341,-0.532422363758087,-0.275959461927414,-0.204836949706078,-0.0768123865127563,0.785867810249329,0.728229403495789,-1.48584675788879,-0.441922813653946,0,1.38847637176514,1.19526886940002,0.565944910049438,1.41638505458832,-1.45610535144806,1.06370675563812,-0.48309400677681,-0.112073518335819,12,70
591353,1191,8591.2236328125,4990.40283203125,16121.955078125,16056.74609375,1.08955228328705,4.19402980804443,8.02985095977783,27.0746269226074,0.0746268630027771,7.14925384521484,1.61194026470184,2.53731346130371,3262.14916992188,0,0.776119410991669,0,67,0.421816796064377,0.985294103622437,0.827160477638245,1,26.4810009002686,9.79341793060303,8.87950611114502,-20.857515335083,194.985076904297,913.776123046875,0.8125,2,1180,1210,0,0,0,0,0,0,-0.53927081823349,4.05075931549072,-0.312018811702728,-0.865322530269623,0.0205424651503563,-0.475943386554718,-0.430808365345001,2.75076913833618,-0.436657756567001,-0.137023448944092,-0.574570178985596,-0.262723416090012,-0.292236566543579,-0.275959461927414,0.353847026824951,-0.0768123865127563,-0.491119712591171,-1.99301254749298,1.3620046377182,1.91488790512085,0,-0.822382152080536,-1.04167222976685,0.00863412767648697,-0.439314991235733,-1.0859032869339,1.37883186340332,1.82090711593628,0.561776041984558,12,70
591353,1198,12176.361328125,16619.333984375,25558.09765625,16669.3046875,0.930555582046509,4.48611116409302,9.5,3.58333325386047,0.125,1.01388883590698,2.30555558204651,2.02777767181396,1698.27783203125,0,1.06944441795349,0,72,0.815521538257599,0.911392390727997,0.642857134342194,1,31.7409992218018,13.1734800338745,7.62384510040283,-88.5745010375977,944.458312988281,915.638916015625,0,0,0,0,0,0,0,0,0,0,-0.116977423429489,13.6922407150269,0.972467660903931,-0.789315521717072,-0.280662536621094,-0.42011234164238,-0.275538206100464,-1.09476470947266,0.40278822183609,-0.62227326631546,-0.41867384314537,-0.344668835401535,-0.602029740810394,-0.275959461927414,1.03632414340973,-0.0768123865127563,-0.381034582853317,0.711801469326019,0.21826933324337,-0.00540437968447804,0,-0.31364968419075,-0.0892790779471397,-0.520440936088562,-1.73534154891968,1.54868423938751,1.38528072834015,-0.885038137435913,-0.78592312335968,12,70
591353,1286,4603.337890625,23610.623046875,9709.3505859375,1872.42858886719,0.428571432828903,9.80519485473633,17.7272720336914,7.15584421157837,0.103896103799343,16.0519485473633,1.54545450210571,1.14285719394684,2442.88305664062,0,0.37662336230278,0,77,0.771726489067078,0.916666686534882,0.699999988079071,1,31.7159996032715,12.7559833526611,8.11222553253174,-45.678165435791,761.026000976562,973.441528320312,0,0,0,0,0,0,0,0,0,0,-1.00900399684906,19.4886798858643,-1.18492889404297,-2.62532782554626,-1.23162651062012,0.596625208854675,0.593387246131897,-0.509943306446075,0.0511011406779289,0.567096173763275,-0.589513421058655,-0.486985087394714,-0.454528093338013,-0.275959461927414,-0.575657308101654,-0.0768123865127563,-0.270949453115463,0.410922735929489,0.299896121025085,0.589978098869324,0,-0.316067636013031,-0.206916272640228,-0.314660996198654,-0.914354205131531,0.903873205184937,1.58539342880249,-0.885038137435913,-0.78592312335968,12,70
674006,93,6923.58837890625,11766.568359375,26804.451171875,1285,0.901960790157318,20.0980396270752,35.5686264038086,6.7254900932312,0.137254908680916,12.7254905700684,1.58823525905609,0.941176474094391,1730.37255859375,0,0.5686274766922,0,51,0.450288951396942,0.962264180183411,0.796875,1,22.4699993133545,8.64467144012451,7.71867895126343,-25.5320529937744,629.313720703125,64.4509811401367,0.357142865657806,1,110,0,0,0,0,0,0,0,-0.735701680183411,9.6688404083252,1.14212644100189,-2.69821667671204,-0.334832757711411,2.56409215927124,2.47770619392395,-0.580392420291901,0.607010722160339,0.304004549980164,-0.579898059368134,-0.519420087337494,-0.595672011375427,-0.275959461927414,-0.128922909498215,-0.0768123865127563,-0.843392133712769,-1.79740428924561,1.00558280944824,1.59933757781982,0,-1.21031486988068,-1.36535215377808,-0.480482548475266,-0.528780341148376,0.440871447324753,-1.56152868270874,0.304388374090195,-0.112073518335819,12,70
674006,132,15947.3037109375,3393.66381835938,43848.8203125,16999.91796875,1.96721315383911,10.7868852615356,19.5737705230713,10.5983610153198,0.0901639312505722,10.2131147384644,5.21311473846436,2.21311473846436,2655.63940429688,0,1,0,122,0.857206702232361,0.890510976314545,0.642105281352997,1,45.8580017089844,18.5322074890137,9.54357814788818,-85.0693435668945,421.319671630859,87.4672164916992,0.636363625526428,2,135,141,0,0,0,0,0,0,0.327201962471008,2.72691178321838,3.46227598190308,-0.748292744159698,1.68319249153137,0.784274399280548,0.788405537605286,0.0535980090498924,-0.177739381790161,0.105299219489098,0.234826356172562,-0.314862251281738,-0.412382394075394,-0.275959461927414,0.874748289585114,-0.0768123865127563,0.7198166847229,0.998185157775879,-0.104901231825352,-0.0132383601740003,0,1.05170702934265,1.42063891887665,0.288441836833954,-1.66825687885284,-0.290280103683472,-1.48184657096863,1.23430359363556,0.561776041984558,12,70
674006,155,6997.9609375,7319.49365234375,21823.234375,10553.6884765625,0.831168830394745,21.0389614105225,40,6.90909099578857,0.0519480518996716,8.01298713684082,1.51948046684265,0.909090936183929,985.753234863281,0,0.584415555000305,0,77,0.516628324985504,0.905882358551025,0.699999988079071,1,30.4260005950928,11.0869626998901,9.49276542663574,-6.32881212234497,814.662353515625,98.8961029052734,0,0,0,0,0,0,0,0,0,0,-0.726941287517548,5.98179531097412,0.464062660932541,-1.54814791679382,-0.468941777944565,2.74394845962524,2.94572687149048,-0.550336897373199,-0.814590156078339,-0.0687102451920509,-0.595351338386536,-0.524580240249634,-0.743176400661469,-0.275959461927414,-0.0921887829899788,-0.0768123865127563,-0.270949453115463,-1.34164237976074,0.13299335539341,0.589978098869324,0,-0.440832823514938,-0.677192747592926,0.267031937837601,-0.161252036690712,1.09241855144501,-1.44227981567383,-0.885038137435913,-0.78592312335968,12,70
674006,231,14228.98828125,2128.19091796875,17995.134765625,10967.2587890625,0.808988749980927,19.4943828582764,34.8651695251465,7.94381999969482,0.0449438206851482,13.1797752380371,1.08988761901855,0.584269642829895,2078.25854492188,0,0.449438214302063,0,89,0.907109439373016,0.936842083930969,0.618055582046509,1,36.5130004882812,16.8495082855225,7.09187030792236,-69.800163269043,672.089904785156,147.112365722656,0.0444444455206394,1,248,0,0,0,0,0,0,0,0.124801643192768,1.67771530151367,-0.0570339113473892,-1.49683165550232,-0.510959923267365,2.44870376586914,2.40341019630432,-0.380951285362244,-0.931312561035156,0.339934229850769,-0.691906213760376,-0.576819181442261,-0.526757955551147,-0.275959461927414,-0.406239628791809,-0.0768123865127563,-0.00674513820558786,1.34102523326874,0.61214005947113,-0.263816922903061,0,0.147884786128998,0.946508049964905,-0.744589388370514,-1.37602198123932,0.591240465641022,-1.27535533905029,-0.737020611763,-0.112073518335819,12,70
674006,354,15881.5380859375,4678.7177734375,31228.859375,18233.8203125,1.28205132484436,9.23076915740967,18.2820510864258,7.58974361419678,0.230769231915474,7.75641012191772,5.17948722839355,3.23076915740967,5706.794921875,0,0.564102590084076,0,78,0.706232011318207,0.939759016036987,0.600000023841858,1,33.3460006713867,12.4770975112915,8.83354091644287,70.7522277832031,868.576904296875,253.21794128418,0.738095223903656,2,347,372,0,0,0,0,0,0,0.319455504417419,3.79234313964844,1.7443950176239,-0.595188856124878,0.385214686393738,0.486824363470078,0.65198028087616,-0.43891379237175,2.16538548469543,-0.0890030637383461,0.227268248796463,-0.151199281215668,0.192032501101494,-0.275959461927414,-0.139450937509537,-0.0768123865127563,-0.248932421207428,-0.0390347801148891,0.65728372335434,-0.451941251754761,0,-0.158418595790863,-0.285497337579727,-0.0107334842905402,1.31399202346802,1.28194189071655,-0.908018112182617,1.57310998439789,0.561776041984558,12,70
674006,404,6087.2470703125,5415.14111328125,26298.693359375,13605.8828125,0.941176474094391,16.9176464080811,30.7529411315918,12.8000001907349,0.164705887436867,18.1647052764893,0.74117648601532,0.788235306739807,3894.78833007812,0,0.400000005960464,0,85,0.582795381546021,0.745614051818848,0.50595235824585,1,42.2360000610352,13.4130716323853,10.899715423584,-16.304235458374,288.541168212891,277.294128417969,0.346153855323792,2,381,393,0,0,0,0,0,0,-0.834214329719543,4.402907371521,1.07328069210052,-1.16942834854126,-0.260542154312134,1.95616340637207,1.96909642219543,0.414007246494293,1.06446921825409,0.734195470809937,-0.770282208919525,-0.544016659259796,-0.166914731264114,-0.275959461927414,-0.521267116069794,-0.0768123865127563,-0.0948132425546646,-0.887063920497894,-2.34738945960999,-1.43184161186218,0,0.701397359371185,-0.0217698346823454,0.859852612018585,-0.352170377969742,-0.757030010223389,-0.824666559696198,0.267790615558624,0.561776041984558,12,70
674006,405,12320.0205078125,1914.3876953125,61140.796875,14559.8369140625,2.02040815353394,19.4081630706787,33.8571434020996,14.1836738586426,0.530612230300903,5.7142858505249,8.12244892120361,4.24489784240723,7873.18359375,0,12.5918369293213,0,49,0.808437049388885,0.907407402992249,0.636363625526428,1,25.4640007019043,10.9074382781982,6.41992902755737,-88.0736923217773,570.69384765625,282,0,0,0,0,0,0,0,0,0,0,-0.100055791437626,1.50045228004456,5.81613111495972,-1.05106067657471,1.78396570682526,2.43222308158875,2.29694747924805,0.640515148639679,7.16213655471802,-0.250515967607498,0.888725519180298,0.0118966661393642,0.621180593967438,-0.275959461927414,27.845386505127,-0.0768123865127563,-0.887426137924194,0.663130104541779,0.156595766544342,-0.0730614811182022,0,-0.920743584632874,-0.727776885032654,-1.02771306037903,-1.72575664520264,0.234807908535004,-0.808374762535095,-0.885038137435913,-0.78592312335968,12,70
674006,406,10432.3828125,7447.53173828125,32840.48828125,6118.787109375,0.574468076229095,7.51063823699951,14.7872343063354,7.57446813583374,0.106382980942726,6.25531911849976,4.06382989883423,1.14893615245819,3344.95751953125,0,0.765957474708557,0,47,0.71040016412735,0.921568632125854,0.652777791023254,1,23.6940002441406,9.55341815948486,6.72367668151855,24.2722702026367,975.595764160156,279.489349365234,0.655172407627106,2,402,407,0,0,0,0,0,0,-0.322400659322739,6.08795118331909,1.96377682685852,-2.09843516349792,-0.955238401889801,0.158023029565811,0.282874315977097,-0.441414386034012,0.0925438031554222,-0.207725286483765,-0.0234858300536871,-0.486007422208786,-0.275832772254944,-0.275959461927414,0.330203294754028,-0.0768123865127563,-0.931460201740265,-0.0103989187628031,0.37576100230217,0.0979606360197067,0,-1.09193301200867,-1.1092963218689,-0.89972847700119,0.424418121576309,1.65814006328583,-0.817066609859467,1.29694426059723,0.561776041984558,12,70
674006,420,7994.08154296875,1300.73474121094,24655.958984375,12136.6943359375,0.755102038383484,10.4081630706787,19.9795913696289,12.8367347717285,0.244897961616516,14.061224937439,2.14285707473755,0.979591846466064,7496.6123046875,0,0.571428596973419,0,49,0.740377128124237,0.907407402992249,0.680555582046509,1,23.9669990539551,10.032413482666,6.74370574951172,-70.510139465332,673.571411132812,293.816314697266,0.433333337306976,1,416,0,0,0,0,0,0,0,-0.609608232975006,0.991675913333893,0.849664926528931,-1.35172688961029,-0.613043546676636,0.711882054805756,0.831266462802887,0.42002072930336,2.40083456039429,0.409648597240448,-0.455241799354553,-0.51324200630188,0.546584188938141,-0.275959461927414,-0.12240556627512,-0.0768123865127563,-0.887426137924194,0.195547550916672,0.156595766544342,0.387382686138153,0,-1.06552922725677,-0.97433078289032,-0.891289234161377,-1.38961017131805,0.596448421478271,-0.767466723918915,0.558132648468018,-0.112073518335819,12,70
674006,504,7567.81591796875,1592.7236328125,19672,12079,0.618421077728271,10.4210529327393,22.1184215545654,11.9868421554565,0.0921052619814873,11.6052627563477,1.40789473056793,1.01315784454346,2371.9736328125,0,0.710526287555695,0,76,0.757461786270142,0.835164844989777,0.633333325386047,1,34.0730018615723,13.2071733474731,8.6226921081543,-66.7345581054688,721.5,385.697357177734,0.28571429848671,1,507,0,0,0,0,0,0,0,-0.659818112850189,1.233762383461,0.171227872371674,-1.3588855266571,-0.871973395347595,0.714345872402191,1.05715942382812,0.280892968177795,-0.14538799226284,0.215405091643333,-0.620431244373322,-0.507843792438507,-0.468574792146683,-0.275959461927414,0.201232090592384,-0.0768123865127563,-0.292966485023499,0.312922090291977,-0.961461961269379,-0.104634799063206,0,-0.0881051868200302,-0.0797853469848633,-0.0995750352740288,-1.31734979152679,0.764929473400116,-0.449374854564667,0.0665030628442764,-0.112073518335819,12,70
674006,611,1751.04443359375,19846.111328125,27498.1328125,182.755554199219,0.488888889551163,19.1333332061768,32.2000007629395,3.31111121177673,0.111111111938953,9.60000038146973,0.51111114025116,0.288888901472092,1889.46667480469,0,0.355555564165115,0,45,0.441009193658829,1,0.803571403026581,1,20.7830009460449,8.05420684814453,7.22867202758789,12.2071294784546,635.444458007812,458.066680908203,0,0,0,0,0,0,0,0,0,0,-1.34497570991516,16.3675441741943,1.23655331134796,-2.83498430252075,-1.11736047267914,2.37968969345093,2.12192797660828,-1.13932764530182,0.17133603990078,0.0568075925111771,-0.821991443634033,-0.624323427677155,-0.564156413078308,-0.275959461927414,-0.624675691127777,-0.0768123865127563,-0.975494265556335,-1.86115777492523,1.58959925174713,1.66910886764526,0,-1.37347674369812,-1.53172600269318,-0.686947882175446,0.193504929542542,0.462422490119934,-0.198832616209984,-0.885038137435913,-0.78592312335968,12,70
674006,739,6983.60888671875,5911,27323.087890625,7091.7099609375,0.579710125923157,11.956521987915,21.0289859771729,6.66666650772095,0.0724637657403946,7.11594200134277,1.53623187541962,0.91304349899292,1401.30432128906,0,0.56521737575531,0,69,0.78303587436676,0.920000016689301,0.71875,1,30.0620002746582,12.343240737915,7.67720651626587,10.2051658630371,348.405792236328,564.115966796875,0,0,0,0,0,0,0,0,0,0,-0.728631854057312,4.81402111053467,1.21272528171539,-1.97771382331848,-0.945307791233063,1.00784921646118,0.942098438739777,-0.590021848678589,-0.472704827785492,-0.139658093452454,-0.591586291790009,-0.523944556713104,-0.660858333110809,-0.275959461927414,-0.136857077479362,-0.0768123865127563,-0.447085648775101,0.488619863986969,0.35148423910141,0.78533798456192,0,-0.476037889719009,-0.323213666677475,-0.497956931591034,0.155189618468285,-0.546590745449066,0.168309599161148,-0.885038137435913,-0.78592312335968,12,70
674006,780,9381.4423828125,7262.0859375,19264.427734375,6145.97119140625,2.05714297294617,12.6714286804199,23.8714294433594,7,0.314285725355148,14.7714281082153,2.12857151031494,1.04285717010498,7058.64306640625,5206.0859375,1.21428573131561,0,70,0.790991067886353,0.853658556938171,0.648148119449615,1,32.2700004577637,12.9361810684204,7.91471433639526,-13.4707174301147,463.471435546875,599.8857421875,0.324324309825897,1,772,0,0,0,0,0,0,0,-0.446190923452377,5.93419885635376,0.115747578442097,-2.0950620174408,1.85355639457703,1.14450299739838,1.24230372905731,-0.535455048084259,3.55715084075928,0.46581906080246,-0.458452641963959,-0.503067433834076,0.459825158119202,0.288427740335464,1.3733252286911,-0.0768123865127563,-0.425068616867065,0.543273270130157,-0.67524528503418,0.0497236289083958,0,-0.262486308813095,-0.156142190098763,-0.397882759571075,-0.297940045595169,-0.142106041312218,0.292144417762756,0.195089712738991,-0.112073518335819,12,70
674006,963,21814.369140625,14001.21875,21688.08203125,12043.794921875,1.02739727497101,29.1780815124512,53.0273971557617,6.50684928894043,0.164383560419083,47.712329864502,4.76712322235107,1.72602736949921,4531.19189453125,0,0.465753436088562,0,73,0.606348693370819,0.890243887901306,0.561538457870483,1,32.3279991149902,11.2863788604736,8.97491550445557,24.9627075195312,364.767120361328,724.602722167969,0.666666686534882,3,943,945,960,0,0,0,0,0,1.01828384399414,11.5215768814087,0.445665270090103,-1.3632538318634,-0.0972045809030533,4.29973363876343,4.32161855697632,-0.616183996200562,1.05909788608551,3.07113528251648,0.134585738182068,-0.393197476863861,-0.0408471487462521,-0.275959461927414,-0.368279129266739,-0.0768123865127563,-0.359017550945282,-0.725248992443085,-0.109034158289433,-0.852679491043091,0,-0.256876707077026,-0.621003746986389,0.0488348230719566,0.437632292509079,-0.48907658457756,0.723914325237274,1.33522462844849,1.23562562465668,12,70
674006,1115,7914.04150390625,9080.6669921875,26537.708984375,10338.8955078125,0.875,21.0833339691162,36.3125,8.29166698455811,0.0833333358168602,14.3541669845581,1.5625,1.0625,2704.9375,0,0.625,0,48,0.750913858413696,0.923076927661896,0.666666686534882,1,24.3390007019043,9.91617584228516,6.54864406585693,36.5575866699219,707.854187011719,841.916687011719,0.535714268684387,1,1103,0,0,0,0,0,0,0,-0.619036138057709,7.44197416305542,1.10581636428833,-1.57479953765869,-0.385907560586929,2.75243020057678,2.55627059936523,-0.324008703231812,-0.29156830906868,0.432817578315735,-0.585682332515717,-0.499908417463303,-0.402616739273071,-0.275959461927414,0.00223866826854646,-0.0768123865127563,-0.909443199634552,0.267936408519745,0.399104058742523,0.24267166852951,0,-1.02955043315887,-1.00708293914795,-0.973478674888611,0.659545123577118,0.716960906982422,1.13005471229553,0.899101614952087,-0.112073518335819,12,70
674006,1128,10775.755859375,8338.22265625,16139.9111328125,1170.77783203125,0.622222244739532,24.8666667938232,41.3111114501953,6.53333330154419,0.0666666701436043,13.7555551528931,1.1777777671814,0.333333343267441,2508.13330078125,3558.02221679688,0.577777802944183,0,45,0.754664063453674,0.9375,0.625,1,22.4950008392334,9.53544521331787,6.25631380081177,57.1836318969727,748.444458007812,855.866638183594,0,0,0,0,0,0,0,0,0,0,-0.281954795122147,6.82641744613647,-0.309574604034424,-2.71238946914673,-0.864772439002991,3.47561073303223,3.08420014381409,-0.611848533153534,-0.569310963153839,0.385473042726517,-0.672152101993561,-0.617175698280334,-0.441602408885956,0.109762609004974,-0.107632920145988,-0.0768123865127563,-0.975494265556335,0.293701142072678,0.622321903705597,-0.19146141409874,0,-1.20789694786072,-1.11436069011688,-1.09665250778198,1.05430436134338,0.859645962715149,1.17834961414337,-0.885038137435913,-0.78592312335968,12,70
674006,1178,3230.75,9296.171875,29590.359375,3236.59375,0.6875,13.515625,23.5,8.328125,0.15625,9.390625,1.234375,0.421875,3273.390625,9978.828125,0.640625,0,64,0.930669605731964,0.761904776096344,0.426666676998138,1,36.5209999084473,16.3696746826172,5.98902082443237,-22.0277900695801,571.53125,880.359375,0.431818187236786,2,1187,1188,0,0,0,0,0,0,-1.17068111896515,7.62064838409424,1.52135574817657,-2.45606088638306,-0.741109549999237,1.30587029457092,1.20307528972626,-0.318040460348129,0.923555612564087,0.0402479954063892,-0.659431397914886,-0.602936089038849,-0.290009707212448,0.80583655834198,0.0385932363569736,-0.0768123865127563,-0.557170808315277,1.50288736820221,-2.09526681900024,-2.25793480873108,0,0.148658528923988,0.811306416988373,-1.20927703380585,-0.461712718009949,0.237751483917236,1.26314318180084,0.553086638450623,0.561776041984558,12,70
674006,1194,14457.0234375,5681.2119140625,28766.91796875,11855.2587890625,1.14117646217346,16.4117641448975,29.2117652893066,5.58823537826538,0.0705882385373116,16.2470588684082,1.64705884456635,0.529411792755127,2504.07055664062,0,0.717647075653076,0,85,0.780325770378113,0.876288652420044,0.590277791023254,1,35.7770004272461,13.7239112854004,8.5825662612915,54.3010902404785,761.835266113281,885.305908203125,0,0,0,0,0,0,0,0,0,0,0.151661857962608,4.62350511550903,1.40926551818848,-1.38664758205414,0.118339955806732,1.85946452617645,1.80632472038269,-0.766561448574066,-0.503959715366364,0.582527577877045,-0.56667697429657,-0.585641622543335,-0.442407220602036,-0.275959461927414,0.217799872159958,-0.0768123865127563,-0.0948132425546646,0.470001310110092,-0.325011610984802,-0.553238987922668,0,0.0767009258270264,0.0658148899674416,-0.116482123732567,0.999135792255402,0.906718194484711,1.28026807308197,-0.885038137435913,-0.78592312335968,12,70
674006,1230,7280.72705078125,10659.6591796875,16283.1591796875,2067.68188476562,0.590909063816071,26.3409099578857,45.9545440673828,6.15909099578857,0.159090906381607,26.5,1.40909087657928,0.159090906381607,2251,2978.86352539062,0.431818187236786,0,44,0.416571974754333,1,0.785714268684387,1,20.6919994354248,7.9182767868042,7.19852733612061,-30.2571144104004,756.795471191406,909.113647460938,0.119999997317791,1,1218,0,0,0,0,0,0,0,-0.693634271621704,8.75110816955566,-0.290075093507767,-2.60110068321228,-0.924092352390289,3.75741076469421,3.57461762428284,-0.673112213611603,0.97089809179306,1.39343905448914,-0.62016236782074,-0.645197987556458,-0.492538928985596,0.0469765365123749,-0.447236001491547,-0.0768123865127563,-0.997511267662048,-2.02904534339905,1.58959925174713,1.48305189609528,0,-1.38227808475494,-1.57002675533295,-0.699649333953857,-0.619212687015533,0.889001905918121,1.3626903295517,-0.485390812158585,-0.112073518335819,12,70
674006,1337,6952.91064453125,14860.107421875,36591.4296875,10335.0712890625,0.964285731315613,15.9464282989502,28.2678565979004,6.94642877578735,0.0357142873108387,10.4642858505249,1.48214280605316,0.875,1807.21423339844,0,0.535714268684387,0,56,0.751552939414978,0.861538469791412,0.565656542778015,1,28.6560001373291,11.064001083374,7.29862022399902,-28.1707954406738,666.303588867188,966.428588867188,0.515151500701904,1,1343,0,0,0,0,0,0,0,-0.732247769832611,12.2336759567261,2.47437000274658,-1.57527410984039,-0.216763764619827,1.77051603794098,1.70663368701935,-0.544224679470062,-1.08511865139008,0.125164479017258,-0.603743314743042,-0.530062854290009,-0.580450117588043,-0.275959461927414,-0.205501720309258,-0.0768123865127563,-0.733307003974915,0.272327214479446,-0.553292155265808,-0.809772133827209,0,-0.612022280693054,-0.683662593364716,-0.657474994659424,-0.579282939434052,0.570900082588196,1.56111443042755,0.83061945438385,-0.112073518335819,12,70
80330,78,2952.25634765625,8382.154296875,18658.923828125,1337.71789550781,0.179487183690071,16.2564105987549,29.9743595123291,5.33333349227905,0.230769231915474,15.0256414413452,0.897435903549194,0.410256415605545,4026.33325195312,0,0.282051295042038,0,39,0.863772630691528,0.8125,0.557142853736877,1,27.431999206543,11.4339685440063,5.76136827468872,-73.735969543457,29.3076915740967,67.9230804443359,0,0,0,0,0,0,0,0,0,0,-1.20348489284515,6.86284112930298,0.0333236753940582,-2.69167542457581,-1.70349442958832,1.82976865768433,1.88686621189117,-0.808289051055908,2.16538548469543,0.485924899578094,-0.735161483287811,-0.604804635047913,-0.140856459736824,-0.275959461927414,-0.795697510242462,-0.0768123865127563,-1.1075963973999,1.04329419136047,-1.31223285198212,-0.898478150367737,0,-0.730404138565063,-0.579417645931244,-1.30519866943359,-1.45134890079498,-1.66830110549927,-1.54950833320618,-0.885038137435913,-0.78592312335968,12,70
80330,97,3156.15991210938,13286.900390625,12115.759765625,25.7000007629395,0.300000011920929,20.0599994659424,34.5800018310547,3.3199999332428,0.0799999982118607,9.15999984741211,0.600000023841858,0.600000023841858,506.019989013672,0,0.319999992847443,0,50,0.737216174602509,0.961538434028625,0.714285731315613,1,23.32200050354,9.87434482574463,6.67166996002197,19.2218341827393,238.779998779297,82.3199996948242,0,0,0,0,0,0,0,0,0,0,-1.17946708202362,10.9293384552002,-0.857358574867249,-2.85447192192078,-1.47519361972809,2.55682110786438,2.3732922077179,-1.13787245750427,-0.347116857767105,0.0220077205449343,-0.802012860774994,-0.574289381504059,-0.838208615779877,-0.275959461927414,-0.707402527332306,-0.0768123865127563,-0.865409135818481,0.173831284046173,0.99435168504715,0.738823771476746,0,-1.12791180610657,-1.0188695192337,-0.92164158821106,0.327758461236954,-0.931953072547913,-1.49966621398926,-0.885038137435913,-0.78592312335968,12,70
80330,106,3884.36474609375,7797.68212890625,16934.84765625,8272.376953125,0.482352942228317,14.2470588684082,24.3999996185303,2.96470594406128,0.0470588244497776,15.5058822631836,0.764705896377563,0.376470595598221,1041.494140625,0,0.317647069692612,0,85,0.707693755626678,0.850000023841858,0.607142865657806,1,36.1240005493164,13.5227737426758,9.55410099029541,-18.8408908843994,912.705871582031,84.5882339477539,0,0,0,0,0,0,0,0,0,0,-1.0936918258667,6.37825918197632,-0.201364636421204,-1.8312155008316,-1.12974226474762,1.44568312168121,1.29812896251678,-1.19603431224823,-0.896066963672638,0.523907482624054,-0.764993727207184,-0.610238194465637,-0.732134521007538,-0.275959461927414,-0.712877094745636,-0.0768123865127563,-0.0948132425546646,-0.0289925020188093,-0.731866419315338,-0.377518445253372,0,0.110261797904968,0.00914076622575521,0.292875677347183,-0.400719106197357,1.43706631660461,-1.49181365966797,-0.885038137435913,-0.78592312335968,12,70
80330,110,8927.017578125,8347.9111328125,20331.75,1418.08923339844,0.392857134342194,15.6785717010498,27.3214282989502,4.39285707473755,0.0357142873108387,8.01785755157471,1.01785719394684,0.428571432828903,1865.83923339844,0,0.46428570151329,0,56,0.660532832145691,0.965517222881317,0.777777791023254,1,24.3390007019043,9.88402271270752,7.42089605331421,-28.1844482421875,879.232116699219,87.6071395874023,0,0,0,0,0,0,0,0,0,0,-0.499717652797699,6.83445024490356,0.261035770177841,-2.68170285224915,-1.29928410053253,1.71931540966034,1.60667634010315,-0.962245345115662,-1.08511865139008,-0.0683250650763512,-0.708095729351044,-0.601859152317047,-0.568836867809296,-0.275959461927414,-0.371694028377533,-0.0768123865127563,-0.733307003974915,-0.3529953956604,1.05592906475067,1.4003598690033,0,-1.02955043315887,-1.01614260673523,-0.605953812599182,-0.579544246196747,1.31939768791199,-1.48136210441589,-0.885038137435913,-0.78592312335968,12,70
80330,149,4222.64453125,16185.2890625,21252.578125,182.755554199219,0.400000005960464,22.7111110687256,42.0666656494141,2.88888883590698,0.111111111938953,7.80000019073486,0.533333361148834,0.0888888910412788,5157.35546875,0,0.222222223877907,0,45,0.503503024578094,0.957446813583374,0.803571403026581,1,20.9729995727539,8.25904369354248,7.13575983047485,82.3976974487305,439.755554199219,118.511108398438,0,0,0,0,0,0,0,0,0,0,-1.05384588241577,13.3323774337769,0.386382609605789,-2.83498430252075,-1.28575253486633,3.06357836723328,3.16399836540222,-1.20844554901123,0.17133603990078,-0.0855555236339569,-0.816996812820435,-0.656488180160522,0.083191990852356,-0.275959461927414,-0.934901297092438,-0.0768123865127563,-0.975494265556335,-1.43181538581848,0.931027472019196,1.66910886764526,0,-1.35510051250458,-1.47400975227356,-0.726096570491791,1.53687310218811,-0.225473314523697,-1.37437272071838,-0.885038137435913,-0.78592312335968,12,70
80330,167,4964.5654296875,10726.9560546875,20138.935546875,201.130432128906,0.52173912525177,22.8695659637451,43.7391319274902,4.34782600402832,0.108695648610592,12,0.847826063632965,1.17391300201416,7370.65234375,0,0.413043469190598,0,46,0.613142549991608,1,0.71875,1,21.6350002288818,8.76235294342041,6.92201566696167,41.5696716308594,480.760864257812,132.891311645508,0,0,0,0,0,0,0,0,0,0,-0.966455042362213,8.80690383911133,0.234788954257965,-2.8327043056488,-1.05512869358063,3.09386682510376,3.34063601493835,-0.969616949558258,0.131083488464355,0.246625080704689,-0.746311724185944,-0.481990545988083,0.521632254123688,-0.275959461927414,-0.490918964147568,-0.0768123865127563,-0.953477263450623,-0.678573966026306,1.58959925174713,0.78533798456192,0,-1.2910737991333,-1.3321932554245,-0.816157937049866,0.755470812320709,-0.0813293009996414,-1.32458853721619,-0.885038137435913,-0.78592312335968,12,70
80330,193,7148.14306640625,4705.5478515625,26060.80859375,6290.380859375,0.642857134342194,9.9523811340332,19.5476188659668,7.2142858505249,0.0714285746216774,10.8571424484253,0.761904776096344,0.309523820877075,1807.21423339844,0,0.380952388048172,0,42,0.737358450889587,0.875,0.65625,1,25.8360004425049,9.59968662261963,6.4846043586731,47.5549583435059,324.071441650391,164.5,0,0,0,0,0,0,0,0,0,0,-0.709251344203949,3.81458735466003,1.04089891910553,-2.07714366912842,-0.825681447982788,0.62475973367691,0.785643577575684,-0.500376403331757,-0.489955902099609,0.156235799193382,-0.765623331069946,-0.621004819869995,-0.580450117588043,-0.275959461927414,-0.565585076808929,-0.0768123865127563,-1.04154539108276,0.174808844923973,-0.34495547413826,0.134138390421867,0,-0.884764790534973,-1.09625935554504,-1.00046193599701,0.870022416114807,-0.632132232189178,-1.21515941619873,-0.885038137435913,-0.78592312335968,12,70
80330,221,7987.53857421875,6202.59619140625,21300.26953125,5822.03857421875,0.75,15.9615383148193,31.0769233703613,8.807692527771,0.0961538478732109,20.2115383148193,1,0.673076927661896,1946.23071289062,0,0.365384608507156,0,52,0.833978176116943,0.8125,0.541666686534882,1,30.1529998779297,12.1845264434814,6.72339057922363,-68.395133972168,458.192321777344,205.711532592773,0,0,0,0,0,0,0,0,0,0,-0.610378921031952,5.05578184127808,0.39287456870079,-2.13525605201721,-0.622708857059479,1.77340424060822,2.00331377983093,-0.239535108208656,-0.0779201537370682,0.896080732345581,-0.712109267711639,-0.562536895275116,-0.552911818027496,-0.275959461927414,-0.601806461811066,-0.0768123865127563,-0.821375072002411,0.838601589202881,-1.31223285198212,-1.05972754955292,0,-0.46723660826683,-0.367934376001358,-0.899848997592926,-1.3491313457489,-0.160663485527039,-1.07248520851135,-0.885038137435913,-0.78592312335968,12,70
80330,256,4895,1095.3095703125,23027.072265625,14037.095703125,0.61904764175415,17.0714282989502,29.2142848968506,9.4523811340332,0.0714285746216774,7.0238094329834,0.833333313465118,0.238095238804817,689.476196289062,0,0.714285731315613,0,42,0.882235169410706,0.933333337306976,0.699999988079071,1,23.0240001678467,11.0352897644043,5.19551372528076,-18.1958923339844,820.952392578125,230.904754638672,0,0,0,0,0,0,0,0,0,0,-0.974649131298065,0.821359038352966,0.627933979034424,-1.11592304706573,-0.870786428451538,1.98555862903595,1.80659091472626,-0.133999317884445,-0.489955902099609,-0.146944910287857,-0.749569118022919,-0.632492244243622,-0.801867067813873,-0.275959461927414,0.209979057312012,-0.0768123865127563,-1.04154539108276,1.17013490200043,0.557836771011353,0.589978098869324,0,-1.15673351287842,-0.691752552986145,-1.54362261295319,-0.38837456703186,1.11452960968018,-0.985266327857971,-0.885038137435913,-0.78592312335968,12,70
80330,307,5972.66650390625,1460.84216308594,18694.263671875,10555.03515625,0.719298243522644,13.1754388809204,25.8070182800293,5.82456159591675,0.0175438597798347,16.8596496582031,0.754385948181152,0.438596487045288,3053.4912109375,0,0.368421047925949,0,57,0.91074138879776,0.522935807704926,0.333333343267441,1,49.0919990539551,18.5350379943848,7.65454816818237,-84.6295318603516,803.859619140625,264.824554443359,0.294117659330368,2,295,313,0,0,0,0,0,0,-0.847710728645325,1.12442004680634,0.0381343141198158,-1.54798078536987,-0.680870592594147,1.24084401130676,1.44673144817352,-0.72787481546402,-1.38792073726654,0.630977749824524,-0.767313241958618,-0.600246906280518,-0.333570420742035,-0.275959461927414,-0.594741642475128,-0.0768123865127563,-0.711289942264557,1.36597692966461,-5.79365539550781,-3.23039293289185,0,1.3644905090332,1.42143619060516,-0.507504224777222,-1.65983927249908,1.05444443225861,-0.867836117744446,0.094489574432373,0.561776041984558,12,70
80330,346,2180.16943359375,919.101684570312,15452.322265625,12388.271484375,0.694915235042572,12.9661016464233,23.7288131713867,7.96610164642334,0.0508474558591843,12.5254240036011,0.813559293746948,0.711864411830902,3169.88134765625,0,0.423728823661804,0,59,0.882190585136414,0.951612889766693,0.648351669311523,1,28.193000793457,13.0146293640137,6.12849235534668,-75.1218566894531,936.152526855469,301.152557373047,0,0,0,0,0,0,0,0,0,0,-1.294429063797,0.675266087055206,-0.403172045946121,-1.32051086425781,-0.727061986923218,1.20082950592041,1.22724139690399,-0.377303808927536,-0.832931041717529,0.288181155920029,-0.754013478755951,-0.556298911571503,-0.310514271259308,-0.275959461927414,-0.466057479381561,-0.0768123865127563,-0.667255878448486,1.16982841491699,0.840739369392395,0.0518439374864101,0,-0.656802356243134,-0.134037911891937,-1.150510430336,-1.47787320613861,1.51948726177216,-0.742068767547607,-0.885038137435913,-0.78592312335968,12,70
80330,358,4495.90380859375,3533.75,32859.578125,6454.65380859375,0.557692289352417,9.51923084259033,17.730770111084,6.71153831481934,0.0576923079788685,6.48076915740967,0.538461565971375,0.192307695746422,3206.51928710938,0,0.5,0,52,0.862758576869965,0.866666674613953,0.577777802944183,1,26.4150009155273,12.0173110961914,6.0761456489563,57.2315063476562,581,309.788452148438,0.323529422283173,1,378,0,0,0,0,0,0,0,-1.02165865898132,2.84305644035339,1.96637511253357,-2.05676054954529,-0.987018585205078,0.541963517665863,0.593756496906281,-0.582676291465759,-0.718864679336548,-0.189894303679466,-0.815844237804413,-0.639855980873108,-0.303256541490555,-0.275959461927414,-0.288597881793976,-0.0768123865127563,-0.821375072002411,1.03632771968842,-0.473925799131393,-0.683478891849518,0,-0.828765511512756,-0.415050357580185,-1.17256677150726,1.05522060394287,0.27103653550148,-0.712171256542206,0.192442342638969,-0.112073518335819,12,70
80330,385,6451.8115234375,12343.44921875,17347.3046875,3840.1015625,0.739130437374115,13.5797100067139,23.8695659637451,7.60869550704956,0.0869565233588219,12.246376991272,0.971014499664307,0.115942031145096,369.811584472656,0,0.362318843603134,0,69,0.785904824733734,0.896103918552399,0.574999988079071,1,31.0049991607666,12.4869775772095,7.72129154205322,-33.9775161743164,503.434783935547,328.550720214844,0.150000005960464,1,391,0,0,0,0,0,0,0,-0.791272222995758,10.1471290588379,-0.145219266414642,-2.38117694854736,-0.643300294876099,1.31812012195587,1.24210691452026,-0.435811311006546,-0.231189489364624,0.26611116528511,-0.718623995780945,-0.652137398719788,-0.865190625190735,-0.275959461927414,-0.608939588069916,-0.0768123865127563,-0.447085648775101,0.508330047130585,-0.0183423273265362,-0.712421119213104,0,-0.384833544492722,-0.282713323831558,-0.479381799697876,-0.690417051315308,-0.00162477896083146,-0.647216320037842,-0.385479003190994,-0.112073518335819,12,70
80330,438,2560.15502929688,17436.18359375,10587.3095703125,923.028198242188,0.281690150499344,12.8732395172119,21.6197185516357,4.94366216659546,0.0985915511846542,6.46478891372681,0.774647891521454,0.225352108478546,768.295776367188,0,0.521126747131348,0,71,0.707740008831024,0.946666657924652,0.717171728610992,1,29.1110000610352,11.5811786651611,8.18179035186768,47.5913314819336,348.619720458984,372.464782714844,0,0,0,0,0,0,0,0,0,0,-1.24967062473297,14.3694868087769,-1.06541752815247,-2.74313044548035,-1.50988006591797,1.18307888507843,1.00448882579803,-0.872078359127045,-0.0372969135642052,-0.191158205270767,-0.762759208679199,-0.634541630744934,-0.786253392696381,-0.275959461927414,-0.239442408084869,-0.0768123865127563,-0.40305158495903,-0.0286746714264154,0.76418924331665,0.768893599510193,0,-0.568015933036804,-0.537938356399536,-0.28534984588623,0.870718598365784,-0.54583877325058,-0.495186001062393,-0.885038137435913,-0.78592312335968,12,70
80330,449,6457.470703125,8667.451171875,28510.05859375,2242.45092773438,0.607843160629272,22.3137264251709,38.470588684082,5.05882358551025,0.156862750649452,13.6862745285034,0.980392158031464,0.725490212440491,496.098052978516,0,0.431372553110123,0,51,0.742153167724609,0.89473682641983,0.72857141494751,1,25.8360004425049,10.2284727096558,6.85543251037598,10.8314218521118,855.490173339844,380.196075439453,0.387096762657166,1,448,0,0,0,0,0,0,0,-0.790605664253235,7.09937953948975,1.37430083751678,-2.57941508293152,-0.892012357711792,2.9876184463501,2.78419756889343,-0.853226363658905,0.933766722679138,0.379993557929993,-0.716516315937042,-0.55410760641098,-0.840174078941345,-0.275959461927414,-0.448272854089737,-0.0768123865127563,-0.843392133712769,0.207749128341675,-0.0394994542002678,0.887669384479523,0,-0.884764790534973,-0.919087707996368,-0.844212830066681,0.167175456881523,1.23593878746033,-0.468420326709747,0.404146701097488,-0.112073518335819,12,70
80330,489,18347.091796875,1621.07690429688,18869.74609375,21601.837890625,1.40769231319427,4.8461537361145,8.9307689666748,6.07692289352417,0.138461545109749,3.49230766296387,4.3692307472229,1.52307689189911,5462.33837890625,0,0.546153843402863,0,130,0.858509123325348,0.890410959720612,0.637254893779755,1,45.7840003967285,18.8942527770996,9.68894004821777,66.4346313476562,50.2384605407715,421.723083496094,0,0,0,0,0,0,0,0,0,0,0.609873175621033,1.25726985931396,0.0620217807590961,-0.177281558513641,0.623230397701263,-0.35129052400589,-0.33565765619278,-0.686563074588776,0.627118766307831,-0.4262535572052,0.0451558008790016,-0.425836712121964,0.143607199192047,-0.275959461927414,-0.181212082505226,-0.0768123865127563,0.895952939987183,1.00713312625885,-0.106448717415333,-0.0637752115726471,0,1.0445499420166,1.52265131473541,0.349690437316895,1.23135805130005,-1.59472417831421,-0.32465398311615,-0.885038137435913,-0.78592312335968,12,70
80330,490,5895.3271484375,3481.18188476562,18892.52734375,17826.455078125,0.781818211078644,17.9818172454834,32.3090896606445,2.70909094810486,0.072727270424366,15.3090906143188,2.563636302948,0.527272701263428,6288,0,0.327272713184357,0,55,0.616238057613373,0.932203412055969,0.611111104488373,1,25.8610000610352,9.71273040771484,7.64935779571533,-28.574951171875,240.836364746094,420.636352539062,0.272727280855179,1,488,0,0,0,0,0,0,0,-0.856820523738861,2.79947257041931,0.0651228427886963,-0.645735204219818,-0.562432169914246,2.15957880020142,2.13344955444336,-1.2378785610199,-0.468313634395599,0.508343100547791,-0.360667854547501,-0.585985660552979,0.307165622711182,-0.275959461927414,-0.690481126308441,-0.0768123865127563,-0.755324006080627,-0.657307684421539,0.540349245071411,-0.336172431707382,0,-0.882346868515015,-1.06440722942352,-0.509691178798676,-0.587018013000488,-0.924724459648132,-0.32841619849205,0.0232511945068836,-0.112073518335819,12,70
80330,502,5927.7392578125,11151.5654296875,14203.2822265625,1106.21740722656,0.434782594442368,21.0217399597168,39.4782600402832,3.67391300201416,0.0869565233588219,9.80434799194336,0.89130437374115,0.173913046717644,550.021728515625,0,0.95652174949646,0,46,0.625414729118347,0.958333313465118,0.821428596973419,1,22.1720008850098,8.81298446655273,6.87670612335205,-61.7797737121582,859.913024902344,430.847839355469,0,0,0,0,0,0,0,0,0,0,-0.853002786636353,9.15894508361816,-0.573196411132812,-2.72040009498596,-1.2198600769043,2.74065661430359,2.89062309265137,-1.07993674278259,-0.231189489364624,0.0729695856571198,-0.736539602279663,-0.6428142786026,-0.829492151737213,-0.275959461927414,0.773587763309479,-0.0768123865127563,-0.953477263450623,-0.5942622423172,0.944747686386108,1.85516595840454,0,-1.23913657665253,-1.31792688369751,-0.835249304771423,-1.22252082824707,1.25148618221283,-0.293064147233963,-0.885038137435913,-0.78592312335968,12,70
80330,558,4510.27978515625,2066.28002929688,14831.9599609375,13312.599609375,1.03999996185303,16.2199993133545,28.9799995422363,7.76000022888184,0.0799999982118607,4.88000011444092,0.600000023841858,1.25999999046326,1518.06005859375,0,0.360000014305115,0,50,0.615609586238861,0.943396210670471,0.694444417953491,1,23.048999786377,9.19648361206055,7.24730014801025,-43.8384628295898,256.279998779297,482.140014648438,0,0,0,0,0,0,0,0,0,0,-1.01996529102325,1.62638521194458,-0.487618267536163,-1.20581912994385,-0.073329821228981,1.82280886173248,1.78184676170349,-0.411042749881744,-0.347116857767105,-0.316500127315521,-0.802012860774994,-0.468145728111267,-0.63772976398468,-0.275959461927414,-0.61433482170105,-0.0768123865127563,-0.865409135818481,-0.6616250872612,0.713574469089508,0.532093703746796,0,-1.15431559085846,-1.20986914634705,-0.679098725318909,-0.879144370555878,-0.870436191558838,-0.115490823984146,-0.885038137435913,-0.78592312335968,12,70
80330,580,3090.58325195312,10997.4580078125,27558.978515625,1172.5625,0.270833343267441,18,31.6041660308838,3.41666674613953,0.0833333358168602,10.4375,0.75,0.541666686534882,527.104187011719,0,0.395833343267441,0,48,0.676534295082092,0.941176474094391,0.75,1,22.2880001068115,9.24642276763916,6.80916881561279,-41.1448936462402,103.583335876465,505.458343505859,0.0357142873108387,1,588,0,0,0,0,0,0,0,-1.18719136714935,9.03117561340332,1.24483597278595,-2.71216797828674,-1.53044724464417,2.16305422782898,2.05899882316589,-1.12204813957214,-0.29156830906868,0.123045988380909,-0.768299043178558,-0.583670735359192,-0.834031939506531,-0.275959461927414,-0.530961692333221,-0.0768123865127563,-0.909443199634552,-0.243062913417816,0.67922055721283,1.11093783378601,0,-1.22791743278503,-1.19579792022705,-0.863706231117249,-0.827592492103577,-1.40720343589783,-0.0347628369927406,-0.766095459461212,-0.112073518335819,12,70
80330,609,6688.47216796875,988.736083984375,9119,24029.5,0.875,5.29166650772095,10.777777671814,4.90277767181396,0.0694444477558136,2.33333325386047,2.73611116409302,1.08333337306976,4214.91650390625,0,0.402777791023254,0,72,0.793340504169464,0.935064911842346,0.727272748947144,1,29.3010005950928,12.497371673584,7.60812664031982,-56.5815773010254,681.180541992188,535.819458007812,0,0,0,0,0,0,0,0,0,0,-0.763395965099335,0.732999622821808,-1.26528990268707,0.123945288360119,-0.385907560586929,-0.266131192445755,-0.140585392713547,-0.878771126270294,-0.523020505905151,-0.517917573451996,-0.321902602910995,-0.496557921171188,-0.10349927842617,-0.275959461927414,-0.514804065227509,-0.0768123865127563,-0.381034582853317,0.559414565563202,0.58463579416275,0.874137938022614,0,-0.549639642238617,-0.27978453040123,-0.52706390619278,-1.12303328514099,0.623196423053741,0.0703472197055817,-0.885038137435913,-0.78592312335968,12,70
80330,639,4610.15771484375,7719.017578125,23882.9296875,8458.4560546875,0.578947365283966,20.1754379272461,36.3508758544922,4.98245620727539,0.0350877195596695,20.4912281036377,1.15789473056793,1,4565.96484375,0,0.614035069942474,0,57,0.566591024398804,0.904761910438538,0.712499976158142,1,25.8610000610352,9.66193962097168,7.96143007278442,-5.08252811431885,901.649108886719,563.421081542969,0,0,0,0,0,0,0,0,0,0,-1.00820064544678,6.31303834915161,0.744436979293823,-1.80812644958496,-0.946752786636353,2.57888698577881,2.56032371520996,-0.865727782249451,-1.09556007385254,0.918201565742493,-0.67662101984024,-0.509959876537323,-0.0339588113129139,-0.275959461927414,-0.0232733096927404,-0.0768123865127563,-0.711289942264557,-0.998390376567841,0.115652807056904,0.720218062400818,0,-0.882346868515015,-1.07871842384338,-0.378198862075806,-0.137399569153786,1.3981990814209,0.165903896093369,-0.885038137435913,-0.78592312335968,12,70
80330,702,4883.54296875,18783.029296875,20886.84375,1167.51428222656,0.485714286565781,14.8142852783203,26.4714279174805,5.27142858505249,0.114285714924335,17.0571422576904,0.842857122421265,0.371428579092026,722.8857421875,0,0.357142865657806,0,70,0.4063600897789,1,0.777777791023254,1,26.6879997253418,9.95190048217773,9.09318065643311,-88.9244232177734,668.828552246094,612.528564453125,0,0,0,0,0,0,0,0,0,0,-0.975998640060425,15.4861488342285,0.336597293615341,-2.71279430389404,-1.12337458133698,1.55410802364349,1.51690340042114,-0.818422853946686,0.224239394068718,0.646597623825073,-0.7474285364151,-0.611049056053162,-0.795248866081238,-0.275959461927414,-0.620982527732849,-0.0768123865127563,-0.425068616867065,-2.09920239448547,1.58959925174713,1.4003598690033,0,-0.802361726760864,-0.997016847133636,0.0986661612987518,-1.74203872680664,0.579776108264923,0.335913956165314,-0.885038137435913,-0.78592312335968,12,70
80330,718,7567.50732421875,1791.65710449219,18391.328125,18369.9921875,1.32142853736877,8.19999980926514,15.0285711288452,7.75714302062988,0.100000001490116,6.13571405410767,1.20000004768372,1.00714290142059,2786.03564453125,0,0.685714304447174,0,140,0.629044771194458,0.869565188884735,0.549019634723663,1,51.1180000305176,16.0397090911865,12.4687738418579,88.9586791992188,302.207153320312,629.3857421875,0.483333319425583,2,708,730,0,0,0,0,0,0,-0.659854471683502,1.39869701862335,-0.00310238846577704,-0.578292429447174,0.459811449050903,0.289793848991394,0.308363229036331,-0.411510467529297,-0.0138257062062621,-0.217184901237488,-0.667157471179962,-0.508811175823212,-0.386551678180695,-0.275959461927414,0.143502131104469,-0.0768123865127563,1.11612319946289,-0.569323539733887,-0.42906653881073,-0.98311585187912,0,1.56043946743011,0.718332469463348,1.52097797393799,1.66244280338287,-0.708990693092346,0.394273310899734,0.724652409553528,0.561776041984558,12,70
80330,905,6426.70166015625,1343.61401367188,24746.560546875,17922.369140625,1.03508770465851,12.2280702590942,22.3157901763916,6.80701732635498,0.070175439119339,7.85964918136597,0.964912295341492,1.05263161659241,3613.36840820312,0,0.649122834205627,0,57,0.849147856235504,0.949999988079071,0.633333325386047,1,26.0429992675781,11.9423904418945,6.30743598937988,-37.2251663208008,167.631576538086,775.73681640625,0,0,0,0,0,0,0,0,0,0,-0.794229924678802,1.02722692489624,0.861998021602631,-0.63383412361145,-0.0826356932520866,1.05975544452667,1.07800459861755,-0.567046344280243,-0.510838806629181,-0.0808378383517265,-0.719995558261871,-0.501495480537415,-0.2226622402668,-0.275959461927414,0.0583650209009647,-0.0768123865127563,-0.711289942264557,0.942819714546204,0.815777361392975,-0.104634799063206,0,-0.864744305610657,-0.43616059422493,-1.07511222362518,-0.752573370933533,-1.18205773830414,0.900940418243408,-0.885038137435913,-0.78592312335968,12,70
80330,1083,4367.4599609375,12228.0595703125,19708.560546875,1978.90002441406,0.219999998807907,21.3799991607666,34.9000015258789,4.55999994277954,0.140000000596046,11.8000001907349,1.1599999666214,0.159999996423721,1425.73999023438,0,1.05999994277954,0,50,0.521409094333649,0.980392158031464,0.694444417953491,1,22.3959999084473,8.76104068756104,7.4758563041687,-22.6801738739014,373.799987792969,925.419982910156,0,0,0,0,0,0,0,0,0,0,-1.03678810596466,10.0514602661133,0.176204577088356,-2.61211681365967,-1.62674641609192,2.80913782119751,2.40708899497986,-0.934884011745453,0.652756571769714,0.230806946754456,-0.676147818565369,-0.645051836967468,-0.656017780303955,-0.275959461927414,1.01434981822968,-0.0768123865127563,-0.865409135818481,-1.30879735946655,1.28613972663879,0.532093703746796,0,-1.21747195720673,-1.33256280422211,-0.582796335220337,-0.47419860959053,-0.457323729991913,1.41914296150208,-0.885038137435913,-0.78592312335968,12,70
80330,1085,4530.10400390625,7201.35400390625,18269.396484375,3121.47924804688,0.354166656732559,13.4375,23.9583339691162,3.79166674613953,0.125,5.41666650772095,0.708333313465118,0.14583332836628,717.166687011719,0,0.458333343267441,0,48,0.877012252807617,0.905660390853882,0.600000023841858,1,25.0090007781982,11.7472343444824,5.64416980743408,-53.1094093322754,409.6875,927.125,0,0,0,0,0,0,0,0,0,0,-1.01763021945953,5.88384675979614,-0.0197003744542599,-2.47034430503845,-1.37257969379425,1.29093682765961,1.25148224830627,-1.06066048145294,0.40278822183609,-0.274054825305939,-0.777664005756378,-0.647330164909363,-0.796381771564484,-0.275959461927414,-0.385543406009674,-0.0768123865127563,-0.909443199634552,1.13425278663635,0.129557967185974,-0.451941251754761,0,-0.964749932289124,-0.491149306297302,-1.35458052158356,-1.05657982826233,-0.331170111894608,1.42504560947418,-0.885038137435913,-0.78592312335968,12,70
80330,1189,5787.80859375,14180.3525390625,23756.17578125,854.147033691406,0.5,14.6764707565308,28.3382358551025,8.26470565795898,0.102941177785397,7.89705896377563,1.08823525905609,0.264705896377563,1156.89709472656,6069.7353515625,0.558823525905609,0,68,0.85418975353241,0.860759496688843,0.566666662693024,1,32.1129989624023,13.8033227920532,7.17719411849976,-55.3641510009766,459.705871582031,996.264709472656,0.025000000372529,1,1188,0,0,0,0,0,0,0,-0.869485139846802,11.6700954437256,0.727182745933533,-2.75167727470398,-1.09631156921387,1.52776479721069,1.71406662464142,-0.32842218875885,0.0351876951754093,-0.0778790786862373,-0.692277610301971,-0.628212630748749,-0.709273934364319,0.382055222988129,-0.151733621954918,-0.0768123865127563,-0.469102680683136,0.977458596229553,-0.565347790718079,-0.799247741699219,0,-0.27767089009285,0.0881904512643814,-0.70863801240921,-1.09973299503326,-0.155342891812325,1.6644070148468,-0.801778256893158,-0.112073518335819,12,70
111858,151,9186.09765625,13552.048828125,23480.21875,608.0244140625,0.53658539056778,30.9512195587158,56.6097564697266,4.82926845550537,0.121951222419739,14.4390239715576,0.634146332740784,0.634146332740784,617.097534179688,0,0.53658539056778,0,41,0.768410682678223,0.953488349914551,0.759259283542633,1,20.5100002288818,9.14840412139893,5.85458517074585,-86.0254669189453,476.219512939453,144.804870605469,0,0,0,0,0,0,0,0,0,0,-0.469200640916824,11.1491718292236,0.689618349075317,-2.78221654891968,-1.0270037651062,4.63866710662842,4.69997024536133,-0.890804648399353,0.351981639862061,0.439529031515121,-0.794338166713715,-0.568797826766968,-0.816204845905304,-0.275959461927414,-0.20347498357296,-0.0768123865127563,-1.06356239318848,0.388142764568329,0.869764983654022,1.20741188526154,0,-1.3998806476593,-1.22341644763947,-1.2659215927124,-1.68655598163605,-0.0972933173179626,-1.28334379196167,-0.885038137435913,-0.78592312335968,12,70
111858,469,6276.41455078125,14705.4150390625,15527.90234375,1604.68298339844,0.609756112098694,13.5853662490845,25.2195129394531,6.92682933807373,0.121951222419739,15.4878044128418,1.34146344661713,0.585365831851959,1898.48779296875,0,0.512195110321045,0,41,0.729152977466583,0.953488349914551,0.759259283542633,1,20.7830009460449,8.85936546325684,6.06291341781616,20.1872463226318,143.024383544922,427.634155273438,0.239999994635582,1,462,0,0,0,0,0,0,0,-0.811932265758514,12.1054210662842,-0.392883718013763,-2.65855002403259,-0.888388395309448,1.31920123100281,1.38468194007874,-0.547433137893677,0.351981639862061,0.522477746009827,-0.635362267494202,-0.576642870903015,-0.562369406223297,-0.275959461927414,-0.260223567485809,-0.0768123865127563,-1.06356239318848,0.118435814976692,0.869764983654022,1.20741188526154,0,-1.37347674369812,-1.30485820770264,-1.17814218997955,0.346235364675522,-1.2685581445694,-0.304189890623093,-0.0857435241341591,-0.112073518335819,12,70
111858,711,13254.3623046875,4294.50732421875,29113.666015625,22649.521484375,2.76811599731445,9.37681198120117,17.2463760375977,7.47826099395752,0.159420296549797,5.66666650772095,8.85507202148438,3.24637675285339,3241.68115234375,0,0.826086938381195,0,69,0.83763176202774,0.873417735099792,0.51111114025116,1,34.4620018005371,13.9194803237915,7.60331201553345,-14.2487087249756,487.898559570312,600.550720214844,0.642857134342194,3,691,700,724,0,0,0,0,0,0.0100003685802221,3.47379612922668,1.45646631717682,-0.0472838915884495,3.20043134689331,0.514740228652954,0.54259729385376,-0.457163542509079,0.976387083530426,-0.254282176494598,1.05338931083679,-0.148689225316048,-0.296291172504425,-0.275959461927414,0.470106154680252,-0.0768123865127563,-0.447085648775101,0.863702237606049,-0.369443506002426,-1.37809181213379,0,-0.0504821911454201,0.120919913053513,-0.52909255027771,-0.312829911708832,-0.0562385506927967,0.294446676969528,1.25592958927155,1.23562562465668,12,70
111858,836,5779.5400390625,15055.0595703125,26905.939453125,1516.30004882812,0.819999992847443,23.1399993896484,39.0400009155273,5.69999980926514,0.140000000596046,40.5,0.46000000834465,0.439999997615814,1012.03997802734,0,0.560000002384186,0,50,0.437202662229538,0.961538434028625,0.694444417953491,1,22.8589992523193,8.54905986785889,7.68870830535889,78.4558486938477,262.559997558594,669.52001953125,0.137931033968925,1,847,0,0,0,0,0,0,0,-0.870459139347076,12.3953104019165,1.15594148635864,-2.66951656341553,-0.490100145339966,3.14556002616882,2.84433627128601,-0.748265564441681,0.652756571769714,2.50070762634277,-0.833479166030884,-0.600021183490753,-0.737969160079956,-0.275959461927414,-0.148996338248253,-0.0768123865127563,-0.865409135818481,-1.88730919361115,0.99435168504715,0.532093703746796,0,-1.17269194126129,-1.39229226112366,-0.493110656738281,1.46143054962158,-0.848360359668732,0.533218085765839,-0.425673395395279,-0.112073518335819,12,70
111858,933,11843.3251953125,7163.875,31003.650390625,5647.5751953125,0.725000023841858,22.75,38.4000015258789,9.05000019073486,0.200000002980232,19.9500007629395,1.32500004768372,0.800000011920929,4102.7001953125,0,0.574999988079071,0,40,0.855778455734253,0.952380955219269,0.555555582046509,1,22.2140007019043,10.2632637023926,5.30962228775024,44.0491371154785,458.924987792969,751.875,0.310344815254211,1,924,0,0,0,0,0,0,0,-0.156205758452415,5.85277271270752,1.71373867988586,-2.1569037437439,-0.67006915807724,3.07101202011108,2.77674245834351,-0.199869230389595,1.65262997150421,0.875395476818085,-0.639062583446503,-0.542124629020691,-0.125728696584702,-0.275959461927414,-0.114095948636532,-0.0768123865127563,-1.08557939529419,0.988372981548309,0.852626025676727,-0.915016531944275,0,-1.23507452011108,-0.909284710884094,-1.49554264545441,0.802924931049347,-0.158087894320488,0.818330764770508,0.14853248000145,-0.112073518335819,12,70
111858,939,10427.75390625,10958.3115234375,14715.0654296875,5009.3935546875,0.721311450004578,13.9344263076782,22.6065578460693,4.63934421539307,0.0655737668275833,13.3606557846069,1.01639342308044,0.836065590381622,3425.32788085938,126.393440246582,0.639344274997711,0,61,0.699179649353027,0.802631556987762,0.610000014305115,1,37.5550003051758,11.7978506088257,8.43482685089111,-34.1557731628418,283.737701416016,758.032775878906,0,0,0,0,0,0,0,0,0,0,-0.322945892810822,8.99871921539307,-0.503530442714691,-2.23608994483948,-0.677056729793549,1.38592374324799,1.10871410369873,-0.921895325183868,-0.587523579597473,0.35424017906189,-0.708424687385559,-0.536324441432953,-0.259911894798279,-0.262257277965546,0.0356133542954922,-0.0768123865127563,-0.623221874237061,-0.0874857753515244,-1.46496081352234,-0.347749322652817,0,0.248664110898972,-0.476887285709381,-0.178732559084892,-0.693828642368317,-0.773915410041809,0.839649021625519,-0.885038137435913,-0.78592312335968,12,70
111858,1111,9250.078125,11187.05859375,21637.90234375,8546.509765625,0.921568632125854,11.3137254714966,21.0196075439453,4.52941179275513,0.235294118523598,21.4313716888428,1.88235294818878,0.647058844566345,1973.15686035156,493.843139648438,0.725490212440491,0,51,0.865922570228577,0.796875,0.472222208976746,1,30.17799949646,12.8069095611572,6.40573501586914,-62.7751693725586,209.29411315918,882.901977539062,0.25,1,1116,0,0,0,0,0,0,0,-0.461664319038391,9.18837261199951,0.438834547996521,-1.79720067977905,-0.297687470912933,0.884979367256165,0.941107988357544,-0.939891278743744,2.24079084396362,0.992558181285858,-0.513792455196381,-0.566721200942993,-0.547577917575836,-0.222422361373901,0.236048445105553,-0.0768123865127563,-0.843392133712769,1.05806469917297,-1.55405223369598,-1.78328263759613,0,-0.464818686246872,-0.192566871643066,-1.0336936712265,-1.24157154560089,-1.0356034040451,1.27194559574127,-0.0524395816028118,-0.112073518335819,12,70
